file,line,type,commit,author,date,time,timezone,datetime,depth,length
style.css,1,css,2fcfeac7,Albab Neawz,2025-10-17,20:11:22,-07:00,2025-10-17T20:11:22-07:00,0,4
style.css,2,css,2fcfeac7,Albab Neawz,2025-10-17,20:11:22,-07:00,2025-10-17T20:11:22-07:00,1,23
style.css,3,css,71b1acb6,Albab Neawz,2025-10-17,20:43:28,-07:00,2025-10-17T20:43:28-07:00,0,0
style.css,4,css,71b1acb6,Albab Neawz,2025-10-17,20:43:28,-07:00,2025-10-17T20:43:28-07:00,0,0
style.css,5,css,71b1acb6,Albab Neawz,2025-10-17,20:43:28,-07:00,2025-10-17T20:43:28-07:00,0,4
style.css,6,css,cf92f32e,Albab Neawz,2025-10-03,22:13:58,-07:00,2025-10-03T22:13:58-07:00,1,23
style.css,7,css,d5f789f1,Albab Neawz,2025-10-10,21:45:10,-07:00,2025-10-10T21:45:10-07:00,1,8
style.css,8,css,d5f789f1,Albab Neawz,2025-10-10,21:45:10,-07:00,2025-10-10T21:45:10-07:00,1,9
style.css,9,css,d5f789f1,Albab Neawz,2025-10-10,21:45:10,-07:00,2025-10-10T21:45:10-07:00,1,15
style.css,10,css,d5f789f1,Albab Neawz,2025-10-10,21:45:10,-07:00,2025-10-10T21:45:10-07:00,1,18
style.css,11,css,d5f789f1,Albab Neawz,2025-10-10,21:45:10,-07:00,2025-10-10T21:45:10-07:00,1,19
style.css,12,css,71b1acb6,Albab Neawz,2025-10-17,20:43:28,-07:00,2025-10-17T20:43:28-07:00,1,34
style.css,13,css,71b1acb6,Albab Neawz,2025-10-17,20:43:28,-07:00,2025-10-17T20:43:28-07:00,1,11
style.css,14,css,a34950dd,Albab Neawz,2025-10-17,20:38:55,-07:00,2025-10-17T20:38:55-07:00,1,44
style.css,15,css,a34950dd,Albab Neawz,2025-10-17,20:38:55,-07:00,2025-10-17T20:38:55-07:00,0,0
style.css,16,css,a34950dd,Albab Neawz,2025-10-17,20:38:55,-07:00,2025-10-17T20:38:55-07:00,0,0
style.css,17,css,71b1acb6,Albab Neawz,2025-10-17,20:43:28,-07:00,2025-10-17T20:43:28-07:00,0,35
style.css,18,css,71b1acb6,Albab Neawz,2025-10-17,20:43:28,-07:00,2025-10-17T20:43:28-07:00,1,34
style.css,19,css,71b1acb6,Albab Neawz,2025-10-17,20:43:28,-07:00,2025-10-17T20:43:28-07:00,1,10
style.css,20,css,d5f789f1,Albab Neawz,2025-10-10,21:45:10,-07:00,2025-10-10T21:45:10-07:00,0,0
style.css,21,css,d5f789f1,Albab Neawz,2025-10-10,21:45:10,-07:00,2025-10-10T21:45:10-07:00,0,0
style.css,22,css,d5f789f1,Albab Neawz,2025-10-10,21:45:10,-07:00,2025-10-10T21:45:10-07:00,0,3
style.css,23,css,d5f789f1,Albab Neawz,2025-10-10,21:45:10,-07:00,2025-10-10T21:45:10-07:00,1,12
style.css,24,css,d5f789f1,Albab Neawz,2025-10-10,21:45:10,-07:00,2025-10-10T21:45:10-07:00,1,28
style.css,25,css,d5f789f1,Albab Neawz,2025-10-10,21:45:10,-07:00,2025-10-10T21:45:10-07:00,1,18
style.css,26,css,d5f789f1,Albab Neawz,2025-10-10,21:45:10,-07:00,2025-10-10T21:45:10-07:00,1,8
style.css,27,css,d5f789f1,Albab Neawz,2025-10-10,21:45:10,-07:00,2025-10-10T21:45:10-07:00,1,12
style.css,28,css,d9b2e4bc,Albab Neawz,2025-10-17,20:22:15,-07:00,2025-10-17T20:22:15-07:00,1,69
style.css,29,css,71b1acb6,Albab Neawz,2025-10-17,20:43:28,-07:00,2025-10-17T20:43:28-07:00,1,34
style.css,30,css,d9b2e4bc,Albab Neawz,2025-10-17,20:22:15,-07:00,2025-10-17T20:22:15-07:00,1,44
style.css,31,css,d9b2e4bc,Albab Neawz,2025-10-17,20:22:15,-07:00,2025-10-17T20:22:15-07:00,0,0
style.css,32,css,d9b2e4bc,Albab Neawz,2025-10-17,20:22:15,-07:00,2025-10-17T20:22:15-07:00,0,0
style.css,33,css,71b1acb6,Albab Neawz,2025-10-17,20:43:28,-07:00,2025-10-17T20:43:28-07:00,0,34
style.css,34,css,71b1acb6,Albab Neawz,2025-10-17,20:43:28,-07:00,2025-10-17T20:43:28-07:00,1,34
style.css,35,css,71b1acb6,Albab Neawz,2025-10-17,20:43:28,-07:00,2025-10-17T20:43:28-07:00,0,0
style.css,36,css,71b1acb6,Albab Neawz,2025-10-17,20:43:28,-07:00,2025-10-17T20:43:28-07:00,0,0
style.css,37,css,d5f789f1,Albab Neawz,2025-10-10,21:45:10,-07:00,2025-10-10T21:45:10-07:00,0,5
style.css,38,css,d5f789f1,Albab Neawz,2025-10-10,21:45:10,-07:00,2025-10-10T21:45:10-07:00,1,20
style.css,39,css,d5f789f1,Albab Neawz,2025-10-10,21:45:10,-07:00,2025-10-10T21:45:10-07:00,1,11
style.css,40,css,d5f789f1,Albab Neawz,2025-10-10,21:45:10,-07:00,2025-10-10T21:45:10-07:00,1,15
style.css,41,css,a34950dd,Albab Neawz,2025-10-17,20:38:55,-07:00,2025-10-17T20:38:55-07:00,1,22
style.css,42,css,d9b2e4bc,Albab Neawz,2025-10-17,20:22:15,-07:00,2025-10-17T20:22:15-07:00,1,21
style.css,43,css,a34950dd,Albab Neawz,2025-10-17,20:38:55,-07:00,2025-10-17T20:38:55-07:00,1,44
style.css,44,css,d5f789f1,Albab Neawz,2025-10-10,21:45:10,-07:00,2025-10-10T21:45:10-07:00,0,0
style.css,45,css,d5f789f1,Albab Neawz,2025-10-10,21:45:10,-07:00,2025-10-10T21:45:10-07:00,0,0
style.css,46,css,71b1acb6,Albab Neawz,2025-10-17,20:43:28,-07:00,2025-10-17T20:43:28-07:00,0,36
style.css,47,css,71b1acb6,Albab Neawz,2025-10-17,20:43:28,-07:00,2025-10-17T20:43:28-07:00,1,10
style.css,48,css,71b1acb6,Albab Neawz,2025-10-17,20:43:28,-07:00,2025-10-17T20:43:28-07:00,0,0
style.css,49,css,71b1acb6,Albab Neawz,2025-10-17,20:43:28,-07:00,2025-10-17T20:43:28-07:00,0,0
style.css,50,css,d5f789f1,Albab Neawz,2025-10-10,21:45:10,-07:00,2025-10-10T21:45:10-07:00,0,11
style.css,51,css,71b1acb6,Albab Neawz,2025-10-17,20:43:28,-07:00,2025-10-17T20:43:28-07:00,1,41
style.css,52,css,71b1acb6,Albab Neawz,2025-10-17,20:43:28,-07:00,2025-10-17T20:43:28-07:00,0,0
style.css,53,css,71b1acb6,Albab Neawz,2025-10-17,20:43:28,-07:00,2025-10-17T20:43:28-07:00,0,0
style.css,54,css,71b1acb6,Albab Neawz,2025-10-17,20:43:28,-07:00,2025-10-17T20:43:28-07:00,0,42
style.css,55,css,71b1acb6,Albab Neawz,2025-10-17,20:43:28,-07:00,2025-10-17T20:43:28-07:00,1,41
style.css,56,css,d9b2e4bc,Albab Neawz,2025-10-17,20:22:15,-07:00,2025-10-17T20:22:15-07:00,0,0
style.css,57,css,d9b2e4bc,Albab Neawz,2025-10-17,20:22:15,-07:00,2025-10-17T20:22:15-07:00,0,0
style.css,58,css,d9b2e4bc,Albab Neawz,2025-10-17,20:22:15,-07:00,2025-10-17T20:22:15-07:00,0,13
style.css,59,css,a34950dd,Albab Neawz,2025-10-17,20:38:55,-07:00,2025-10-17T20:38:55-07:00,1,13
style.css,60,css,d9b2e4bc,Albab Neawz,2025-10-17,20:22:15,-07:00,2025-10-17T20:22:15-07:00,1,16
style.css,61,css,a34950dd,Albab Neawz,2025-10-17,20:38:55,-07:00,2025-10-17T20:38:55-07:00,1,41
style.css,62,css,d9b2e4bc,Albab Neawz,2025-10-17,20:22:15,-07:00,2025-10-17T20:22:15-07:00,0,0
style.css,63,css,d9b2e4bc,Albab Neawz,2025-10-17,20:22:15,-07:00,2025-10-17T20:22:15-07:00,0,0
style.css,64,css,71b1acb6,Albab Neawz,2025-10-17,20:43:28,-07:00,2025-10-17T20:43:28-07:00,0,44
style.css,65,css,71b1acb6,Albab Neawz,2025-10-17,20:43:28,-07:00,2025-10-17T20:43:28-07:00,1,41
style.css,66,css,71b1acb6,Albab Neawz,2025-10-17,20:43:28,-07:00,2025-10-17T20:43:28-07:00,0,0
style.css,67,css,71b1acb6,Albab Neawz,2025-10-17,20:43:28,-07:00,2025-10-17T20:43:28-07:00,0,0
style.css,68,css,d9b2e4bc,Albab Neawz,2025-10-17,20:22:15,-07:00,2025-10-17T20:22:15-07:00,0,13
style.css,69,css,d9b2e4bc,Albab Neawz,2025-10-17,20:22:15,-07:00,2025-10-17T20:22:15-07:00,1,17
style.css,70,css,d9b2e4bc,Albab Neawz,2025-10-17,20:22:15,-07:00,2025-10-17T20:22:15-07:00,1,8
style.css,71,css,d9b2e4bc,Albab Neawz,2025-10-17,20:22:15,-07:00,2025-10-17T20:22:15-07:00,1,10
style.css,72,css,d9b2e4bc,Albab Neawz,2025-10-17,20:22:15,-07:00,2025-10-17T20:22:15-07:00,1,16
style.css,73,css,d9b2e4bc,Albab Neawz,2025-10-17,20:22:15,-07:00,2025-10-17T20:22:15-07:00,0,0
style.css,74,css,d9b2e4bc,Albab Neawz,2025-10-17,20:22:15,-07:00,2025-10-17T20:22:15-07:00,0,0
style.css,75,css,d5f789f1,Albab Neawz,2025-10-10,21:45:10,-07:00,2025-10-10T21:45:10-07:00,0,2
style.css,76,css,d5f789f1,Albab Neawz,2025-10-10,21:45:10,-07:00,2025-10-10T21:45:10-07:00,1,14
style.css,77,css,d5f789f1,Albab Neawz,2025-10-10,21:45:10,-07:00,2025-10-10T21:45:10-07:00,1,17
style.css,78,css,d5f789f1,Albab Neawz,2025-10-10,21:45:10,-07:00,2025-10-10T21:45:10-07:00,0,0
style.css,79,css,d5f789f1,Albab Neawz,2025-10-10,21:45:10,-07:00,2025-10-10T21:45:10-07:00,0,0
style.css,80,css,d5f789f1,Albab Neawz,2025-10-10,21:45:10,-07:00,2025-10-10T21:45:10-07:00,0,3
style.css,81,css,d5f789f1,Albab Neawz,2025-10-10,21:45:10,-07:00,2025-10-10T21:45:10-07:00,1,14
style.css,82,css,d5f789f1,Albab Neawz,2025-10-10,21:45:10,-07:00,2025-10-10T21:45:10-07:00,1,11
style.css,83,css,d5f789f1,Albab Neawz,2025-10-10,21:45:10,-07:00,2025-10-10T21:45:10-07:00,1,20
style.css,84,css,d5f789f1,Albab Neawz,2025-10-10,21:45:10,-07:00,2025-10-10T21:45:10-07:00,1,13
style.css,85,css,d5f789f1,Albab Neawz,2025-10-10,21:45:10,-07:00,2025-10-10T21:45:10-07:00,1,13
style.css,86,css,d5f789f1,Albab Neawz,2025-10-10,21:45:10,-07:00,2025-10-10T21:45:10-07:00,0,0
style.css,87,css,d5f789f1,Albab Neawz,2025-10-10,21:45:10,-07:00,2025-10-10T21:45:10-07:00,0,0
style.css,88,css,d5f789f1,Albab Neawz,2025-10-10,21:45:10,-07:00,2025-10-10T21:45:10-07:00,0,4
style.css,89,css,d5f789f1,Albab Neawz,2025-10-10,21:45:10,-07:00,2025-10-10T21:45:10-07:00,1,12
style.css,90,css,d5f789f1,Albab Neawz,2025-10-10,21:45:10,-07:00,2025-10-10T21:45:10-07:00,1,30
style.css,91,css,d5f789f1,Albab Neawz,2025-10-10,21:45:10,-07:00,2025-10-10T21:45:10-07:00,1,15
style.css,92,css,d5f789f1,Albab Neawz,2025-10-10,21:45:10,-07:00,2025-10-10T21:45:10-07:00,1,18
style.css,93,css,d5f789f1,Albab Neawz,2025-10-10,21:45:10,-07:00,2025-10-10T21:45:10-07:00,1,15
style.css,94,css,d5f789f1,Albab Neawz,2025-10-10,21:45:10,-07:00,2025-10-10T21:45:10-07:00,1,16
style.css,95,css,d5f789f1,Albab Neawz,2025-10-10,21:45:10,-07:00,2025-10-10T21:45:10-07:00,0,0
style.css,96,css,d5f789f1,Albab Neawz,2025-10-10,21:45:10,-07:00,2025-10-10T21:45:10-07:00,0,0
style.css,97,css,d5f789f1,Albab Neawz,2025-10-10,21:45:10,-07:00,2025-10-10T21:45:10-07:00,0,5
style.css,98,css,d5f789f1,Albab Neawz,2025-10-10,21:45:10,-07:00,2025-10-10T21:45:10-07:00,1,16
style.css,99,css,d5f789f1,Albab Neawz,2025-10-10,21:45:10,-07:00,2025-10-10T21:45:10-07:00,1,15
style.css,100,css,d5f789f1,Albab Neawz,2025-10-10,21:45:10,-07:00,2025-10-10T21:45:10-07:00,0,0
style.css,101,css,d5f789f1,Albab Neawz,2025-10-10,21:45:10,-07:00,2025-10-10T21:45:10-07:00,0,0
style.css,102,css,d5f789f1,Albab Neawz,2025-10-10,21:45:10,-07:00,2025-10-10T21:45:10-07:00,0,4
style.css,103,css,d5f789f1,Albab Neawz,2025-10-10,21:45:10,-07:00,2025-10-10T21:45:10-07:00,0,7
style.css,104,css,d5f789f1,Albab Neawz,2025-10-10,21:45:10,-07:00,2025-10-10T21:45:10-07:00,0,6
style.css,105,css,d5f789f1,Albab Neawz,2025-10-10,21:45:10,-07:00,2025-10-10T21:45:10-07:00,1,12
style.css,106,css,d5f789f1,Albab Neawz,2025-10-10,21:45:10,-07:00,2025-10-10T21:45:10-07:00,1,14
style.css,107,css,d5f789f1,Albab Neawz,2025-10-10,21:45:10,-07:00,2025-10-10T21:45:10-07:00,1,21
style.css,108,css,d5f789f1,Albab Neawz,2025-10-10,21:45:10,-07:00,2025-10-10T21:45:10-07:00,1,21
style.css,109,css,d5f789f1,Albab Neawz,2025-10-10,21:45:10,-07:00,2025-10-10T21:45:10-07:00,1,10
style.css,110,css,4ce3e4cb,Albab Neawz,2025-10-10,21:16:49,-07:00,2025-10-10T21:16:49-07:00,1,21
style.css,111,css,71b1acb6,Albab Neawz,2025-10-17,20:43:28,-07:00,2025-10-17T20:43:28-07:00,1,22
style.css,112,css,71b1acb6,Albab Neawz,2025-10-17,20:43:28,-07:00,2025-10-17T20:43:28-07:00,1,11
style.css,113,css,71b1acb6,Albab Neawz,2025-10-17,20:43:28,-07:00,2025-10-17T20:43:28-07:00,0,0
style.css,114,css,71b1acb6,Albab Neawz,2025-10-17,20:43:28,-07:00,2025-10-17T20:43:28-07:00,0,0
style.css,115,css,71b1acb6,Albab Neawz,2025-10-17,20:43:28,-07:00,2025-10-17T20:43:28-07:00,0,35
style.css,116,css,71b1acb6,Albab Neawz,2025-10-17,20:43:28,-07:00,2025-10-17T20:43:28-07:00,0,38
style.css,117,css,71b1acb6,Albab Neawz,2025-10-17,20:43:28,-07:00,2025-10-17T20:43:28-07:00,0,37
style.css,118,css,71b1acb6,Albab Neawz,2025-10-17,20:43:28,-07:00,2025-10-17T20:43:28-07:00,1,34
style.css,119,css,71b1acb6,Albab Neawz,2025-10-17,20:43:28,-07:00,2025-10-17T20:43:28-07:00,1,10
style.css,120,css,71b1acb6,Albab Neawz,2025-10-17,20:43:28,-07:00,2025-10-17T20:43:28-07:00,1,36
style.css,121,css,cf92f32e,Albab Neawz,2025-10-03,22:13:58,-07:00,2025-10-03T22:13:58-07:00,0,0
style.css,122,css,d5f789f1,Albab Neawz,2025-10-10,21:45:10,-07:00,2025-10-10T21:45:10-07:00,0,0
style.css,123,css,d5f789f1,Albab Neawz,2025-10-10,21:45:10,-07:00,2025-10-10T21:45:10-07:00,0,8
style.css,124,css,d5f789f1,Albab Neawz,2025-10-10,21:45:10,-07:00,2025-10-10T21:45:10-07:00,1,15
style.css,125,css,d5f789f1,Albab Neawz,2025-10-10,21:45:10,-07:00,2025-10-10T21:45:10-07:00,1,15
style.css,126,css,d5f789f1,Albab Neawz,2025-10-10,21:45:10,-07:00,2025-10-10T21:45:10-07:00,0,0
style.css,127,css,d5f789f1,Albab Neawz,2025-10-10,21:45:10,-07:00,2025-10-10T21:45:10-07:00,0,0
style.css,128,css,d5f789f1,Albab Neawz,2025-10-10,21:45:10,-07:00,2025-10-10T21:45:10-07:00,0,6
style.css,129,css,d5f789f1,Albab Neawz,2025-10-10,21:45:10,-07:00,2025-10-10T21:45:10-07:00,1,13
style.css,130,css,d5f789f1,Albab Neawz,2025-10-10,21:45:10,-07:00,2025-10-10T21:45:10-07:00,1,17
style.css,131,css,d5f789f1,Albab Neawz,2025-10-10,21:45:10,-07:00,2025-10-10T21:45:10-07:00,1,18
style.css,132,css,d5f789f1,Albab Neawz,2025-10-10,21:45:10,-07:00,2025-10-10T21:45:10-07:00,1,24
style.css,133,css,d5f789f1,Albab Neawz,2025-10-10,21:45:10,-07:00,2025-10-10T21:45:10-07:00,1,11
style.css,134,css,d5f789f1,Albab Neawz,2025-10-10,21:45:10,-07:00,2025-10-10T21:45:10-07:00,1,11
style.css,135,css,d5f789f1,Albab Neawz,2025-10-10,21:45:10,-07:00,2025-10-10T21:45:10-07:00,1,14
style.css,136,css,d5f789f1,Albab Neawz,2025-10-10,21:45:10,-07:00,2025-10-10T21:45:10-07:00,1,32
style.css,137,css,d5f789f1,Albab Neawz,2025-10-10,21:45:10,-07:00,2025-10-10T21:45:10-07:00,0,0
style.css,138,css,d5f789f1,Albab Neawz,2025-10-10,21:45:10,-07:00,2025-10-10T21:45:10-07:00,0,0
style.css,139,css,d5f789f1,Albab Neawz,2025-10-10,21:45:10,-07:00,2025-10-10T21:45:10-07:00,0,12
style.css,140,css,d5f789f1,Albab Neawz,2025-10-10,21:45:10,-07:00,2025-10-10T21:45:10-07:00,1,24
style.css,141,css,d5f789f1,Albab Neawz,2025-10-10,21:45:10,-07:00,2025-10-10T21:45:10-07:00,0,0
style.css,142,css,d5f789f1,Albab Neawz,2025-10-10,21:45:10,-07:00,2025-10-10T21:45:10-07:00,0,0
style.css,143,css,d5f789f1,Albab Neawz,2025-10-10,21:45:10,-07:00,2025-10-10T21:45:10-07:00,0,9
style.css,144,css,d5f789f1,Albab Neawz,2025-10-10,21:45:10,-07:00,2025-10-10T21:45:10-07:00,1,12
style.css,145,css,d5f789f1,Albab Neawz,2025-10-10,21:45:10,-07:00,2025-10-10T21:45:10-07:00,1,58
style.css,146,css,d5f789f1,Albab Neawz,2025-10-10,21:45:10,-07:00,2025-10-10T21:45:10-07:00,1,10
style.css,147,css,d5f789f1,Albab Neawz,2025-10-10,21:45:10,-07:00,2025-10-10T21:45:10-07:00,1,13
style.css,148,css,d5f789f1,Albab Neawz,2025-10-10,21:45:10,-07:00,2025-10-10T21:45:10-07:00,0,0
style.css,149,css,d5f789f1,Albab Neawz,2025-10-10,21:45:10,-07:00,2025-10-10T21:45:10-07:00,0,0
style.css,150,css,d5f789f1,Albab Neawz,2025-10-10,21:45:10,-07:00,2025-10-10T21:45:10-07:00,0,8
style.css,151,css,d5f789f1,Albab Neawz,2025-10-10,21:45:10,-07:00,2025-10-10T21:45:10-07:00,1,12
style.css,152,css,d5f789f1,Albab Neawz,2025-10-10,21:45:10,-07:00,2025-10-10T21:45:10-07:00,1,26
style.css,153,css,d5f789f1,Albab Neawz,2025-10-10,21:45:10,-07:00,2025-10-10T21:45:10-07:00,1,15
style.css,154,css,d5f789f1,Albab Neawz,2025-10-10,21:45:10,-07:00,2025-10-10T21:45:10-07:00,1,21
style.css,155,css,d5f789f1,Albab Neawz,2025-10-10,21:45:10,-07:00,2025-10-10T21:45:10-07:00,1,20
style.css,156,css,d5f789f1,Albab Neawz,2025-10-10,21:45:10,-07:00,2025-10-10T21:45:10-07:00,1,12
style.css,157,css,d5f789f1,Albab Neawz,2025-10-10,21:45:10,-07:00,2025-10-10T21:45:10-07:00,1,24
style.css,158,css,a34950dd,Albab Neawz,2025-10-17,20:38:55,-07:00,2025-10-17T20:38:55-07:00,1,84
style.css,159,css,d5f789f1,Albab Neawz,2025-10-10,21:45:10,-07:00,2025-10-10T21:45:10-07:00,0,0
style.css,160,css,d5f789f1,Albab Neawz,2025-10-10,21:45:10,-07:00,2025-10-10T21:45:10-07:00,0,0
style.css,161,css,71b1acb6,Albab Neawz,2025-10-17,20:43:28,-07:00,2025-10-17T20:43:28-07:00,0,39
style.css,162,css,71b1acb6,Albab Neawz,2025-10-17,20:43:28,-07:00,2025-10-17T20:43:28-07:00,1,40
style.css,163,css,71b1acb6,Albab Neawz,2025-10-17,20:43:28,-07:00,2025-10-17T20:43:28-07:00,1,36
style.css,164,css,71b1acb6,Albab Neawz,2025-10-17,20:43:28,-07:00,2025-10-17T20:43:28-07:00,0,0
style.css,165,css,71b1acb6,Albab Neawz,2025-10-17,20:43:28,-07:00,2025-10-17T20:43:28-07:00,0,0
style.css,166,css,d5f789f1,Albab Neawz,2025-10-10,21:45:10,-07:00,2025-10-10T21:45:10-07:00,0,14
style.css,167,css,d5f789f1,Albab Neawz,2025-10-10,21:45:10,-07:00,2025-10-10T21:45:10-07:00,1,26
style.css,168,css,d5f789f1,Albab Neawz,2025-10-10,21:45:10,-07:00,2025-10-10T21:45:10-07:00,1,40
style.css,169,css,d5f789f1,Albab Neawz,2025-10-10,21:45:10,-07:00,2025-10-10T21:45:10-07:00,0,0
style.css,170,css,d5f789f1,Albab Neawz,2025-10-10,21:45:10,-07:00,2025-10-10T21:45:10-07:00,0,0
style.css,171,css,d5f789f1,Albab Neawz,2025-10-10,21:45:10,-07:00,2025-10-10T21:45:10-07:00,0,12
style.css,172,css,d5f789f1,Albab Neawz,2025-10-10,21:45:10,-07:00,2025-10-10T21:45:10-07:00,1,14
style.css,173,css,d5f789f1,Albab Neawz,2025-10-10,21:45:10,-07:00,2025-10-10T21:45:10-07:00,1,11
style.css,174,css,d5f789f1,Albab Neawz,2025-10-10,21:45:10,-07:00,2025-10-10T21:45:10-07:00,1,21
style.css,175,css,d5f789f1,Albab Neawz,2025-10-10,21:45:10,-07:00,2025-10-10T21:45:10-07:00,0,0
style.css,176,css,d5f789f1,Albab Neawz,2025-10-10,21:45:10,-07:00,2025-10-10T21:45:10-07:00,0,0
style.css,177,css,d5f789f1,Albab Neawz,2025-10-10,21:45:10,-07:00,2025-10-10T21:45:10-07:00,0,11
style.css,178,css,d5f789f1,Albab Neawz,2025-10-10,21:45:10,-07:00,2025-10-10T21:45:10-07:00,1,17
style.css,179,css,d5f789f1,Albab Neawz,2025-10-10,21:45:10,-07:00,2025-10-10T21:45:10-07:00,1,15
style.css,180,css,d5f789f1,Albab Neawz,2025-10-10,21:45:10,-07:00,2025-10-10T21:45:10-07:00,0,0
style.css,181,css,d5f789f1,Albab Neawz,2025-10-10,21:45:10,-07:00,2025-10-10T21:45:10-07:00,0,0
style.css,182,css,d5f789f1,Albab Neawz,2025-10-10,21:45:10,-07:00,2025-10-10T21:45:10-07:00,0,10
style.css,183,css,d5f789f1,Albab Neawz,2025-10-10,21:45:10,-07:00,2025-10-10T21:45:10-07:00,1,8
style.css,184,css,d5f789f1,Albab Neawz,2025-10-10,21:45:10,-07:00,2025-10-10T21:45:10-07:00,1,15
style.css,185,css,d5f789f1,Albab Neawz,2025-10-10,21:45:10,-07:00,2025-10-10T21:45:10-07:00,0,0
style.css,186,css,d5f789f1,Albab Neawz,2025-10-10,21:45:10,-07:00,2025-10-10T21:45:10-07:00,0,0
style.css,187,css,d5f789f1,Albab Neawz,2025-10-10,21:45:10,-07:00,2025-10-10T21:45:10-07:00,0,7
style.css,188,css,d5f789f1,Albab Neawz,2025-10-10,21:45:10,-07:00,2025-10-10T21:45:10-07:00,1,12
style.css,189,css,d5f789f1,Albab Neawz,2025-10-10,21:45:10,-07:00,2025-10-10T21:45:10-07:00,1,8
style.css,190,css,d5f789f1,Albab Neawz,2025-10-10,21:45:10,-07:00,2025-10-10T21:45:10-07:00,1,13
style.css,191,css,d5f789f1,Albab Neawz,2025-10-10,21:45:10,-07:00,2025-10-10T21:45:10-07:00,0,0
style.css,192,css,d5f789f1,Albab Neawz,2025-10-10,21:45:10,-07:00,2025-10-10T21:45:10-07:00,0,0
style.css,193,css,d5f789f1,Albab Neawz,2025-10-10,21:45:10,-07:00,2025-10-10T21:45:10-07:00,0,15
style.css,194,css,d5f789f1,Albab Neawz,2025-10-10,21:45:10,-07:00,2025-10-10T21:45:10-07:00,1,29
style.css,195,css,d5f789f1,Albab Neawz,2025-10-10,21:45:10,-07:00,2025-10-10T21:45:10-07:00,1,17
style.css,196,css,71b1acb6,Albab Neawz,2025-10-17,20:43:28,-07:00,2025-10-17T20:43:28-07:00,1,51
style.css,197,css,a34950dd,Albab Neawz,2025-10-17,20:38:55,-07:00,2025-10-17T20:38:55-07:00,0,0
style.css,198,css,a34950dd,Albab Neawz,2025-10-17,20:38:55,-07:00,2025-10-17T20:38:55-07:00,0,0
style.css,199,css,a34950dd,Albab Neawz,2025-10-17,20:38:55,-07:00,2025-10-17T20:38:55-07:00,0,46
style.css,200,css,71b1acb6,Albab Neawz,2025-10-17,20:43:28,-07:00,2025-10-17T20:43:28-07:00,1,42
style.css,201,css,a34950dd,Albab Neawz,2025-10-17,20:38:55,-07:00,2025-10-17T20:38:55-07:00,0,0
style.css,202,css,50a2b821,Albab Neawz,2025-10-24,19:43:42,-07:00,2025-10-24T19:43:42-07:00,0,0
style.css,203,css,50a2b821,Albab Neawz,2025-10-24,19:43:42,-07:00,2025-10-24T19:43:42-07:00,0,17
style.css,204,css,50a2b821,Albab Neawz,2025-10-24,19:43:42,-07:00,2025-10-24T19:43:42-07:00,1,12
style.css,205,css,50a2b821,Albab Neawz,2025-10-24,19:43:42,-07:00,2025-10-24T19:43:42-07:00,1,36
style.css,206,css,50a2b821,Albab Neawz,2025-10-24,19:43:42,-07:00,2025-10-24T19:43:42-07:00,1,8
style.css,207,css,50a2b821,Albab Neawz,2025-10-24,19:43:42,-07:00,2025-10-24T19:43:42-07:00,1,17
style.css,208,css,50a2b821,Albab Neawz,2025-10-24,19:43:42,-07:00,2025-10-24T19:43:42-07:00,1,14
style.css,209,css,50a2b821,Albab Neawz,2025-10-24,19:43:42,-07:00,2025-10-24T19:43:42-07:00,0,0
style.css,210,css,50a2b821,Albab Neawz,2025-10-24,19:43:42,-07:00,2025-10-24T19:43:42-07:00,0,0
style.css,211,css,50a2b821,Albab Neawz,2025-10-24,19:43:42,-07:00,2025-10-24T19:43:42-07:00,0,17
style.css,212,css,50a2b821,Albab Neawz,2025-10-24,19:43:42,-07:00,2025-10-24T19:43:42-07:00,1,16
style.css,213,css,50a2b821,Albab Neawz,2025-10-24,19:43:42,-07:00,2025-10-24T19:43:42-07:00,0,0
style.css,214,css,50a2b821,Albab Neawz,2025-10-24,19:43:42,-07:00,2025-10-24T19:43:42-07:00,0,0
style.css,215,css,50a2b821,Albab Neawz,2025-10-24,19:43:42,-07:00,2025-10-24T19:43:42-07:00,0,17
style.css,216,css,50a2b821,Albab Neawz,2025-10-24,19:43:42,-07:00,2025-10-24T19:43:42-07:00,1,8
style.css,217,css,50a2b821,Albab Neawz,2025-10-24,19:43:42,-07:00,2025-10-24T19:43:42-07:00,0,0
style.css,218,css,f8d03dd0,Albab Neawz,2025-10-31,20:52:12,-07:00,2025-10-31T20:52:12-07:00,0,0
style.css,219,css,f8d03dd0,Albab Neawz,2025-10-31,20:52:12,-07:00,2025-10-31T20:52:12-07:00,0,18
style.css,220,css,9c5e0d60,Albab Neawz,2025-10-31,23:11:26,-07:00,2025-10-31T23:11:26-07:00,1,10
style.css,221,css,f8d03dd0,Albab Neawz,2025-10-31,20:52:12,-07:00,2025-10-31T20:52:12-07:00,1,14
style.css,222,css,9c5e0d60,Albab Neawz,2025-10-31,23:11:26,-07:00,2025-10-31T23:11:26-07:00,1,11
style.css,223,css,f8d03dd0,Albab Neawz,2025-10-31,20:52:12,-07:00,2025-10-31T20:52:12-07:00,1,16
style.css,224,css,9c5e0d60,Albab Neawz,2025-10-31,23:11:26,-07:00,2025-10-31T23:11:26-07:00,1,13
style.css,225,css,f8d03dd0,Albab Neawz,2025-10-31,20:52:12,-07:00,2025-10-31T20:52:12-07:00,1,16
style.css,226,css,f8d03dd0,Albab Neawz,2025-10-31,20:52:12,-07:00,2025-10-31T20:52:12-07:00,0,0
style.css,227,css,f8d03dd0,Albab Neawz,2025-10-31,20:52:12,-07:00,2025-10-31T20:52:12-07:00,0,0
style.css,228,css,f8d03dd0,Albab Neawz,2025-10-31,20:52:12,-07:00,2025-10-31T20:52:12-07:00,0,7
style.css,229,css,f8d03dd0,Albab Neawz,2025-10-31,20:52:12,-07:00,2025-10-31T20:52:12-07:00,1,12
style.css,230,css,f8d03dd0,Albab Neawz,2025-10-31,20:52:12,-07:00,2025-10-31T20:52:12-07:00,1,57
style.css,231,css,f8d03dd0,Albab Neawz,2025-10-31,20:52:12,-07:00,2025-10-31T20:52:12-07:00,1,7
style.css,232,css,f8d03dd0,Albab Neawz,2025-10-31,20:52:12,-07:00,2025-10-31T20:52:12-07:00,1,41
style.css,233,css,f8d03dd0,Albab Neawz,2025-10-31,20:52:12,-07:00,2025-10-31T20:52:12-07:00,1,11
style.css,234,css,f8d03dd0,Albab Neawz,2025-10-31,20:52:12,-07:00,2025-10-31T20:52:12-07:00,1,16
style.css,235,css,f8d03dd0,Albab Neawz,2025-10-31,20:52:12,-07:00,2025-10-31T20:52:12-07:00,1,17
style.css,236,css,9c5e0d60,Albab Neawz,2025-10-31,23:11:26,-07:00,2025-10-31T23:11:26-07:00,1,19
style.css,237,css,f8d03dd0,Albab Neawz,2025-10-31,20:52:12,-07:00,2025-10-31T20:52:12-07:00,0,0
style.css,238,css,f8d03dd0,Albab Neawz,2025-10-31,20:52:12,-07:00,2025-10-31T20:52:12-07:00,0,0
style.css,239,css,f8d03dd0,Albab Neawz,2025-10-31,20:52:12,-07:00,2025-10-31T20:52:12-07:00,0,10
style.css,240,css,f8d03dd0,Albab Neawz,2025-10-31,20:52:12,-07:00,2025-10-31T20:52:12-07:00,1,12
style.css,241,css,f8d03dd0,Albab Neawz,2025-10-31,20:52:12,-07:00,2025-10-31T20:52:12-07:00,1,18
style.css,242,css,f8d03dd0,Albab Neawz,2025-10-31,20:52:12,-07:00,2025-10-31T20:52:12-07:00,1,9
style.css,243,css,f8d03dd0,Albab Neawz,2025-10-31,20:52:12,-07:00,2025-10-31T20:52:12-07:00,0,0
style.css,244,css,f8d03dd0,Albab Neawz,2025-10-31,20:52:12,-07:00,2025-10-31T20:52:12-07:00,0,0
style.css,245,css,f8d03dd0,Albab Neawz,2025-10-31,20:52:12,-07:00,2025-10-31T20:52:12-07:00,0,15
style.css,246,css,f8d03dd0,Albab Neawz,2025-10-31,20:52:12,-07:00,2025-10-31T20:52:12-07:00,1,9
style.css,247,css,f8d03dd0,Albab Neawz,2025-10-31,20:52:12,-07:00,2025-10-31T20:52:12-07:00,1,10
style.css,248,css,f8d03dd0,Albab Neawz,2025-10-31,20:52:12,-07:00,2025-10-31T20:52:12-07:00,1,18
style.css,249,css,f8d03dd0,Albab Neawz,2025-10-31,20:52:12,-07:00,2025-10-31T20:52:12-07:00,1,29
style.css,250,css,f8d03dd0,Albab Neawz,2025-10-31,20:52:12,-07:00,2025-10-31T20:52:12-07:00,1,20
style.css,251,css,f8d03dd0,Albab Neawz,2025-10-31,20:52:12,-07:00,2025-10-31T20:52:12-07:00,1,20
style.css,252,css,f8d03dd0,Albab Neawz,2025-10-31,20:52:12,-07:00,2025-10-31T20:52:12-07:00,0,0
style.css,253,css,c2a1c8ab,Albab Neawz,2025-10-31,22:24:29,-07:00,2025-10-31T22:24:29-07:00,0,0
style.css,254,css,c2a1c8ab,Albab Neawz,2025-10-31,22:24:29,-07:00,2025-10-31T22:24:29-07:00,0,23
style.css,255,css,c2a1c8ab,Albab Neawz,2025-10-31,22:24:29,-07:00,2025-10-31T22:24:29-07:00,1,39
style.css,256,css,c2a1c8ab,Albab Neawz,2025-10-31,22:24:29,-07:00,2025-10-31T22:24:29-07:00,0,0
style.css,257,css,c2a1c8ab,Albab Neawz,2025-10-31,22:24:29,-07:00,2025-10-31T22:24:29-07:00,0,0
style.css,258,css,c2a1c8ab,Albab Neawz,2025-10-31,22:24:29,-07:00,2025-10-31T22:24:29-07:00,0,29
style.css,259,css,c2a1c8ab,Albab Neawz,2025-10-31,22:24:29,-07:00,2025-10-31T22:24:29-07:00,1,21
style.css,260,css,c2a1c8ab,Albab Neawz,2025-10-31,22:24:29,-07:00,2025-10-31T22:24:29-07:00,1,11
style.css,261,css,c2a1c8ab,Albab Neawz,2025-10-31,22:24:29,-07:00,2025-10-31T22:24:29-07:00,0,0
style.css,262,css,c2a1c8ab,Albab Neawz,2025-10-31,22:24:29,-07:00,2025-10-31T22:24:29-07:00,0,0
style.css,263,css,c2a1c8ab,Albab Neawz,2025-10-31,22:24:29,-07:00,2025-10-31T22:24:29-07:00,0,32
style.css,264,css,c2a1c8ab,Albab Neawz,2025-10-31,22:24:29,-07:00,2025-10-31T22:24:29-07:00,1,12
style.css,265,css,c2a1c8ab,Albab Neawz,2025-10-31,22:24:29,-07:00,2025-10-31T22:24:29-07:00,1,16
style.css,266,css,c2a1c8ab,Albab Neawz,2025-10-31,22:24:29,-07:00,2025-10-31T22:24:29-07:00,1,9
style.css,267,css,c2a1c8ab,Albab Neawz,2025-10-31,22:24:29,-07:00,2025-10-31T22:24:29-07:00,0,0
style.css,268,css,c2a1c8ab,Albab Neawz,2025-10-31,22:24:29,-07:00,2025-10-31T22:24:29-07:00,0,0
style.css,269,css,c2a1c8ab,Albab Neawz,2025-10-31,22:24:29,-07:00,2025-10-31T22:24:29-07:00,0,19
style.css,270,css,c2a1c8ab,Albab Neawz,2025-10-31,22:24:29,-07:00,2025-10-31T22:24:29-07:00,1,16
style.css,271,css,c2a1c8ab,Albab Neawz,2025-10-31,22:24:29,-07:00,2025-10-31T22:24:29-07:00,1,22
style.css,272,css,c2a1c8ab,Albab Neawz,2025-10-31,22:24:29,-07:00,2025-10-31T22:24:29-07:00,1,20
style.css,273,css,c2a1c8ab,Albab Neawz,2025-10-31,22:24:29,-07:00,2025-10-31T22:24:29-07:00,1,20
style.css,274,css,c2a1c8ab,Albab Neawz,2025-10-31,22:24:29,-07:00,2025-10-31T22:24:29-07:00,1,41
style.css,275,css,c2a1c8ab,Albab Neawz,2025-10-31,22:24:29,-07:00,2025-10-31T22:24:29-07:00,0,0
index.js,1,js,dcc856c7,Albab Neawz,2025-10-24,19:38:17,-07:00,2025-10-24T19:38:17-07:00,0,71
index.js,2,js,dcc856c7,Albab Neawz,2025-10-24,19:38:17,-07:00,2025-10-24T19:38:17-07:00,0,0
index.js,3,js,dcc856c7,Albab Neawz,2025-10-24,19:38:17,-07:00,2025-10-24T19:38:17-07:00,0,54
index.js,4,js,dcc856c7,Albab Neawz,2025-10-24,19:38:17,-07:00,2025-10-24T19:38:17-07:00,0,42
index.js,5,js,dcc856c7,Albab Neawz,2025-10-24,19:38:17,-07:00,2025-10-24T19:38:17-07:00,0,60
index.js,6,js,dcc856c7,Albab Neawz,2025-10-24,19:38:17,-07:00,2025-10-24T19:38:17-07:00,0,54
index.js,7,js,dcc856c7,Albab Neawz,2025-10-24,19:38:17,-07:00,2025-10-24T19:38:17-07:00,0,0
index.js,8,js,dcc856c7,Albab Neawz,2025-10-24,19:38:17,-07:00,2025-10-24T19:38:17-07:00,0,0
index.js,9,js,dcc856c7,Albab Neawz,2025-10-24,19:38:17,-07:00,2025-10-24T19:38:17-07:00,0,0
index.js,10,js,dcc856c7,Albab Neawz,2025-10-24,19:38:17,-07:00,2025-10-24T19:38:17-07:00,0,53
index.js,11,js,dcc856c7,Albab Neawz,2025-10-24,19:38:17,-07:00,2025-10-24T19:38:17-07:00,0,60
index.js,12,js,dcc856c7,Albab Neawz,2025-10-24,19:38:17,-07:00,2025-10-24T19:38:17-07:00,0,0
index.js,13,js,dcc856c7,Albab Neawz,2025-10-24,19:38:17,-07:00,2025-10-24T19:38:17-07:00,0,17
index.js,14,js,dcc856c7,Albab Neawz,2025-10-24,19:38:17,-07:00,2025-10-24T19:38:17-07:00,1,24
index.js,15,js,dcc856c7,Albab Neawz,2025-10-24,19:38:17,-07:00,2025-10-24T19:38:17-07:00,2,2
index.js,16,js,dcc856c7,Albab Neawz,2025-10-24,19:38:17,-07:00,2025-10-24T19:38:17-07:00,3,55
index.js,17,js,50a2b821,Albab Neawz,2025-10-24,19:43:42,-07:00,2025-10-24T19:43:42-07:00,3,55
index.js,18,js,dcc856c7,Albab Neawz,2025-10-24,19:38:17,-07:00,2025-10-24T19:38:17-07:00,3,49
index.js,19,js,dcc856c7,Albab Neawz,2025-10-24,19:38:17,-07:00,2025-10-24T19:38:17-07:00,3,49
index.js,20,js,dcc856c7,Albab Neawz,2025-10-24,19:38:17,-07:00,2025-10-24T19:38:17-07:00,2,3
index.js,21,js,dcc856c7,Albab Neawz,2025-10-24,19:38:17,-07:00,2025-10-24T19:38:17-07:00,1,0
index.js,22,js,dcc856c7,Albab Neawz,2025-10-24,19:38:17,-07:00,2025-10-24T19:38:17-07:00,0,0
index.js,23,js,dcc856c7,Albab Neawz,2025-10-24,19:38:17,-07:00,2025-10-24T19:38:17-07:00,0,0
index.html,1,html,d323db6c,Albab Neawz,2025-10-03,21:38:40,-07:00,2025-10-03T21:38:40-07:00,0,13
index.html,2,html,d323db6c,Albab Neawz,2025-10-03,21:38:40,-07:00,2025-10-03T21:38:40-07:00,0,14
index.html,3,html,dcc856c7,Albab Neawz,2025-10-24,19:38:17,-07:00,2025-10-24T19:38:17-07:00,1,4
index.html,4,html,dcc856c7,Albab Neawz,2025-10-24,19:38:17,-07:00,2025-10-24T19:38:17-07:00,2,22
index.html,5,html,dcc856c7,Albab Neawz,2025-10-24,19:38:17,-07:00,2025-10-24T19:38:17-07:00,2,70
index.html,6,html,dcc856c7,Albab Neawz,2025-10-24,19:38:17,-07:00,2025-10-24T19:38:17-07:00,2,47
index.html,7,html,dcc856c7,Albab Neawz,2025-10-24,19:38:17,-07:00,2025-10-24T19:38:17-07:00,2,40
index.html,8,html,dcc856c7,Albab Neawz,2025-10-24,19:38:17,-07:00,2025-10-24T19:38:17-07:00,0,0
index.html,9,html,dcc856c7,Albab Neawz,2025-10-24,19:38:17,-07:00,2025-10-24T19:38:17-07:00,2,6
index.html,10,html,dcc856c7,Albab Neawz,2025-10-24,19:38:17,-07:00,2025-10-24T19:38:17-07:00,3,63
index.html,11,html,dcc856c7,Albab Neawz,2025-10-24,19:38:17,-07:00,2025-10-24T19:38:17-07:00,3,52
index.html,12,html,dcc856c7,Albab Neawz,2025-10-24,19:38:17,-07:00,2025-10-24T19:38:17-07:00,4,69
index.html,13,html,dcc856c7,Albab Neawz,2025-10-24,19:38:17,-07:00,2025-10-24T19:38:17-07:00,3,6
index.html,14,html,dcc856c7,Albab Neawz,2025-10-24,19:38:17,-07:00,2025-10-24T19:38:17-07:00,4,60
index.html,15,html,dcc856c7,Albab Neawz,2025-10-24,19:38:17,-07:00,2025-10-24T19:38:17-07:00,3,0
index.html,16,html,dcc856c7,Albab Neawz,2025-10-24,19:38:17,-07:00,2025-10-24T19:38:17-07:00,2,7
index.html,17,html,dcc856c7,Albab Neawz,2025-10-24,19:38:17,-07:00,2025-10-24T19:38:17-07:00,1,5
index.html,18,html,dcc856c7,Albab Neawz,2025-10-24,19:38:17,-07:00,2025-10-24T19:38:17-07:00,0,0
index.html,19,html,dcc856c7,Albab Neawz,2025-10-24,19:38:17,-07:00,2025-10-24T19:38:17-07:00,1,4
index.html,20,html,dcc856c7,Albab Neawz,2025-10-24,19:38:17,-07:00,2025-10-24T19:38:17-07:00,2,3
index.html,21,html,dcc856c7,Albab Neawz,2025-10-24,19:38:17,-07:00,2025-10-24T19:38:17-07:00,3,43
index.html,22,html,dcc856c7,Albab Neawz,2025-10-24,19:38:17,-07:00,2025-10-24T19:38:17-07:00,3,40
index.html,23,html,dcc856c7,Albab Neawz,2025-10-24,19:38:17,-07:00,2025-10-24T19:38:17-07:00,3,38
index.html,24,html,dcc856c7,Albab Neawz,2025-10-24,19:38:17,-07:00,2025-10-24T19:38:17-07:00,3,36
index.html,25,html,f81dcac5,Albab Neawz,2025-11-09,20:03:55,-08:00,2025-11-09T20:03:55-08:00,3,35
index.html,26,html,dcc856c7,Albab Neawz,2025-10-24,19:38:17,-07:00,2025-10-24T19:38:17-07:00,3,64
index.html,27,html,dcc856c7,Albab Neawz,2025-10-24,19:38:17,-07:00,2025-10-24T19:38:17-07:00,2,4
index.html,28,html,dcc856c7,Albab Neawz,2025-10-24,19:38:17,-07:00,2025-10-24T19:38:17-07:00,0,0
index.html,29,html,dcc856c7,Albab Neawz,2025-10-24,19:38:17,-07:00,2025-10-24T19:38:17-07:00,2,18
index.html,30,html,dcc856c7,Albab Neawz,2025-10-24,19:38:17,-07:00,2025-10-24T19:38:17-07:00,0,0
index.html,31,html,dcc856c7,Albab Neawz,2025-10-24,19:38:17,-07:00,2025-10-24T19:38:17-07:00,2,1
index.html,32,html,dcc856c7,Albab Neawz,2025-10-24,19:38:17,-07:00,2025-10-24T19:38:17-07:00,3,68
index.html,33,html,dcc856c7,Albab Neawz,2025-10-24,19:38:17,-07:00,2025-10-24T19:38:17-07:00,3,63
index.html,34,html,dcc856c7,Albab Neawz,2025-10-24,19:38:17,-07:00,2025-10-24T19:38:17-07:00,3,112
index.html,35,html,dcc856c7,Albab Neawz,2025-10-24,19:38:17,-07:00,2025-10-24T19:38:17-07:00,2,2
index.html,36,html,dcc856c7,Albab Neawz,2025-10-24,19:38:17,-07:00,2025-10-24T19:38:17-07:00,0,0
index.html,37,html,dcc856c7,Albab Neawz,2025-10-24,19:38:17,-07:00,2025-10-24T19:38:17-07:00,2,2
index.html,38,html,dcc856c7,Albab Neawz,2025-10-24,19:38:17,-07:00,2025-10-24T19:38:17-07:00,3,21
index.html,39,html,dcc856c7,Albab Neawz,2025-10-24,19:38:17,-07:00,2025-10-24T19:38:17-07:00,3,35
index.html,40,html,dcc856c7,Albab Neawz,2025-10-24,19:38:17,-07:00,2025-10-24T19:38:17-07:00,3,39
index.html,41,html,dcc856c7,Albab Neawz,2025-10-24,19:38:17,-07:00,2025-10-24T19:38:17-07:00,2,0
index.html,42,html,dcc856c7,Albab Neawz,2025-10-24,19:38:17,-07:00,2025-10-24T19:38:17-07:00,0,0
index.html,43,html,dcc856c7,Albab Neawz,2025-10-24,19:38:17,-07:00,2025-10-24T19:38:17-07:00,2,22
index.html,44,html,dcc856c7,Albab Neawz,2025-10-24,19:38:17,-07:00,2025-10-24T19:38:17-07:00,2,26
index.html,45,html,dcc856c7,Albab Neawz,2025-10-24,19:38:17,-07:00,2025-10-24T19:38:17-07:00,0,0
index.html,46,html,dcc856c7,Albab Neawz,2025-10-24,19:38:17,-07:00,2025-10-24T19:38:17-07:00,2,27
index.html,47,html,dcc856c7,Albab Neawz,2025-10-24,19:38:17,-07:00,2025-10-24T19:38:17-07:00,2,28
index.html,48,html,dcc856c7,Albab Neawz,2025-10-24,19:38:17,-07:00,2025-10-24T19:38:17-07:00,0,0
index.html,49,html,dcc856c7,Albab Neawz,2025-10-24,19:38:17,-07:00,2025-10-24T19:38:17-07:00,2,45
index.html,50,html,dcc856c7,Albab Neawz,2025-10-24,19:38:17,-07:00,2025-10-24T19:38:17-07:00,2,50
index.html,51,html,dcc856c7,Albab Neawz,2025-10-24,19:38:17,-07:00,2025-10-24T19:38:17-07:00,1,5
index.html,52,html,d5f789f1,Albab Neawz,2025-10-10,21:45:10,-07:00,2025-10-10T21:45:10-07:00,0,5
global.js,1,js,2fcfeac7,Albab Neawz,2025-10-17,20:11:22,-07:00,2025-10-17T20:11:22-07:00,0,25
global.js,2,js,c1f6e706,Albab Neawz,2025-10-17,19:26:44,-07:00,2025-10-17T19:26:44-07:00,0,0
global.js,3,js,c1f6e706,Albab Neawz,2025-10-17,19:26:44,-07:00,2025-10-17T19:26:44-07:00,0,41
global.js,4,js,c1f6e706,Albab Neawz,2025-10-17,19:26:44,-07:00,2025-10-17T19:26:44-07:00,1,52
global.js,5,js,c1f6e706,Albab Neawz,2025-10-17,19:26:44,-07:00,2025-10-17T19:26:44-07:00,0,0
global.js,6,js,938b1e29,Albab Neawz,2025-10-17,19:44:55,-07:00,2025-10-17T19:44:55-07:00,0,0
global.js,7,js,2fcfeac7,Albab Neawz,2025-10-17,20:11:22,-07:00,2025-10-17T20:11:22-07:00,0,13
global.js,8,js,2fcfeac7,Albab Neawz,2025-10-17,20:11:22,-07:00,2025-10-17T20:11:22-07:00,1,25
global.js,9,js,71b1acb6,Albab Neawz,2025-10-17,20:43:28,-07:00,2025-10-17T20:43:28-07:00,1,38
global.js,10,js,71b1acb6,Albab Neawz,2025-10-17,20:43:28,-07:00,2025-10-17T20:43:28-07:00,1,36
global.js,11,js,71b1acb6,Albab Neawz,2025-10-17,20:43:28,-07:00,2025-10-17T20:43:28-07:00,1,34
global.js,12,js,2fcfeac7,Albab Neawz,2025-10-17,20:11:22,-07:00,2025-10-17T20:11:22-07:00,1,56
global.js,13,js,2fcfeac7,Albab Neawz,2025-10-17,20:11:22,-07:00,2025-10-17T20:11:22-07:00,0,0
global.js,14,js,938b1e29,Albab Neawz,2025-10-17,19:44:55,-07:00,2025-10-17T19:44:55-07:00,0,0
global.js,15,js,d33dad5e,Albab Neawz,2025-10-17,20:28:59,-07:00,2025-10-17T20:28:59-07:00,0,37
global.js,16,js,d33dad5e,Albab Neawz,2025-10-17,20:28:59,-07:00,2025-10-17T20:28:59-07:00,0,0
global.js,17,js,d33dad5e,Albab Neawz,2025-10-17,20:28:59,-07:00,2025-10-17T20:28:59-07:00,0,40
global.js,18,js,d33dad5e,Albab Neawz,2025-10-17,20:28:59,-07:00,2025-10-17T20:28:59-07:00,0,25
global.js,19,js,d33dad5e,Albab Neawz,2025-10-17,20:28:59,-07:00,2025-10-17T20:28:59-07:00,0,0
global.js,20,js,2fcfeac7,Albab Neawz,2025-10-17,20:11:22,-07:00,2025-10-17T20:11:22-07:00,0,15
global.js,21,js,2fcfeac7,Albab Neawz,2025-10-17,20:11:22,-07:00,2025-10-17T20:11:22-07:00,1,68
global.js,22,js,2fcfeac7,Albab Neawz,2025-10-17,20:11:22,-07:00,2025-10-17T20:11:22-07:00,2,3
global.js,23,js,2fcfeac7,Albab Neawz,2025-10-17,20:11:22,-07:00,2025-10-17T20:11:22-07:00,2,28
global.js,24,js,2fcfeac7,Albab Neawz,2025-10-17,20:11:22,-07:00,2025-10-17T20:11:22-07:00,0,0
global.js,25,js,2fcfeac7,Albab Neawz,2025-10-17,20:11:22,-07:00,2025-10-17T20:11:22-07:00,0,20
global.js,26,js,2fcfeac7,Albab Neawz,2025-10-17,20:11:22,-07:00,2025-10-17T20:11:22-07:00,1,14
global.js,27,js,2fcfeac7,Albab Neawz,2025-10-17,20:11:22,-07:00,2025-10-17T20:11:22-07:00,1,18
global.js,28,js,2fcfeac7,Albab Neawz,2025-10-17,20:11:22,-07:00,2025-10-17T20:11:22-07:00,0,0
global.js,29,js,2fcfeac7,Albab Neawz,2025-10-17,20:11:22,-07:00,2025-10-17T20:11:22-07:00,1,28
global.js,30,js,2fcfeac7,Albab Neawz,2025-10-17,20:11:22,-07:00,2025-10-17T20:11:22-07:00,2,20
global.js,31,js,2fcfeac7,Albab Neawz,2025-10-17,20:11:22,-07:00,2025-10-17T20:11:22-07:00,1,0
global.js,32,js,2fcfeac7,Albab Neawz,2025-10-17,20:11:22,-07:00,2025-10-17T20:11:22-07:00,0,0
global.js,33,js,2fcfeac7,Albab Neawz,2025-10-17,20:11:22,-07:00,2025-10-17T20:11:22-07:00,1,34
global.js,34,js,2fcfeac7,Albab Neawz,2025-10-17,20:11:22,-07:00,2025-10-17T20:11:22-07:00,1,11
global.js,35,js,2fcfeac7,Albab Neawz,2025-10-17,20:11:22,-07:00,2025-10-17T20:11:22-07:00,1,20
global.js,36,js,2fcfeac7,Albab Neawz,2025-10-17,20:11:22,-07:00,2025-10-17T20:11:22-07:00,0,0
global.js,37,js,71b1acb6,Albab Neawz,2025-10-17,20:43:28,-07:00,2025-10-17T20:43:28-07:00,1,65
global.js,38,js,d33dad5e,Albab Neawz,2025-10-17,20:28:59,-07:00,2025-10-17T20:28:59-07:00,2,25
global.js,39,js,d33dad5e,Albab Neawz,2025-10-17,20:28:59,-07:00,2025-10-17T20:28:59-07:00,1,0
global.js,40,js,2fcfeac7,Albab Neawz,2025-10-17,20:11:22,-07:00,2025-10-17T20:11:22-07:00,0,0
global.js,41,js,2fcfeac7,Albab Neawz,2025-10-17,20:11:22,-07:00,2025-10-17T20:11:22-07:00,1,29
global.js,42,js,2fcfeac7,Albab Neawz,2025-10-17,20:11:22,-07:00,2025-10-17T20:11:22-07:00,2,18
global.js,43,js,2fcfeac7,Albab Neawz,2025-10-17,20:11:22,-07:00,2025-10-17T20:11:22-07:00,1,0
global.js,44,js,2fcfeac7,Albab Neawz,2025-10-17,20:11:22,-07:00,2025-10-17T20:11:22-07:00,0,0
global.js,45,js,2fcfeac7,Albab Neawz,2025-10-17,20:11:22,-07:00,2025-10-17T20:11:22-07:00,1,12
global.js,46,js,2fcfeac7,Albab Neawz,2025-10-17,20:11:22,-07:00,2025-10-17T20:11:22-07:00,0,0
global.js,47,js,2fcfeac7,Albab Neawz,2025-10-17,20:11:22,-07:00,2025-10-17T20:11:22-07:00,0,0
global.js,48,js,2fcfeac7,Albab Neawz,2025-10-17,20:11:22,-07:00,2025-10-17T20:11:22-07:00,0,31
global.js,49,js,2fcfeac7,Albab Neawz,2025-10-17,20:11:22,-07:00,2025-10-17T20:11:22-07:00,1,11
global.js,50,js,2fcfeac7,Albab Neawz,2025-10-17,20:11:22,-07:00,2025-10-17T20:11:22-07:00,1,0
global.js,51,js,2fcfeac7,Albab Neawz,2025-10-17,20:11:22,-07:00,2025-10-17T20:11:22-07:00,0,26
global.js,52,js,2fcfeac7,Albab Neawz,2025-10-17,20:11:22,-07:00,2025-10-17T20:11:22-07:00,1,4
global.js,53,js,2fcfeac7,Albab Neawz,2025-10-17,20:11:22,-07:00,2025-10-17T20:11:22-07:00,1,6
global.js,54,js,2fcfeac7,Albab Neawz,2025-10-17,20:11:22,-07:00,2025-10-17T20:11:22-07:00,2,43
global.js,55,js,2fcfeac7,Albab Neawz,2025-10-17,20:11:22,-07:00,2025-10-17T20:11:22-07:00,2,34
global.js,56,js,2fcfeac7,Albab Neawz,2025-10-17,20:11:22,-07:00,2025-10-17T20:11:22-07:00,2,32
global.js,57,js,2fcfeac7,Albab Neawz,2025-10-17,20:11:22,-07:00,2025-10-17T20:11:22-07:00,1,7
global.js,58,js,2fcfeac7,Albab Neawz,2025-10-17,20:11:22,-07:00,2025-10-17T20:11:22-07:00,0,6
global.js,59,js,2fcfeac7,Albab Neawz,2025-10-17,20:11:22,-07:00,2025-10-17T20:11:22-07:00,0,0
global.js,60,js,280d5b50,Albab Neawz,2025-10-17,19:45:30,-07:00,2025-10-17T19:45:30-07:00,0,0
global.js,61,js,0546b016,Albab Neawz,2025-10-17,19:49:49,-07:00,2025-10-17T19:49:49-07:00,0,0
global.js,62,js,d33dad5e,Albab Neawz,2025-10-17,20:28:59,-07:00,2025-10-17T20:28:59-07:00,0,65
global.js,63,js,2fcfeac7,Albab Neawz,2025-10-17,20:11:22,-07:00,2025-10-17T20:11:22-07:00,0,0
global.js,64,js,d33dad5e,Albab Neawz,2025-10-17,20:28:59,-07:00,2025-10-17T20:28:59-07:00,0,26
global.js,65,js,d33dad5e,Albab Neawz,2025-10-17,20:28:59,-07:00,2025-10-17T20:28:59-07:00,1,42
global.js,66,js,d33dad5e,Albab Neawz,2025-10-17,20:28:59,-07:00,2025-10-17T20:28:59-07:00,2,64
global.js,67,js,d33dad5e,Albab Neawz,2025-10-17,20:28:59,-07:00,2025-10-17T20:28:59-07:00,1,6
global.js,68,js,d33dad5e,Albab Neawz,2025-10-17,20:28:59,-07:00,2025-10-17T20:28:59-07:00,2,60
global.js,69,js,d33dad5e,Albab Neawz,2025-10-17,20:28:59,-07:00,2025-10-17T20:28:59-07:00,1,0
global.js,70,js,c11debcb,Albab Neawz,2025-10-17,20:48:48,-07:00,2025-10-17T20:48:48-07:00,1,35
global.js,71,js,2fcfeac7,Albab Neawz,2025-10-17,20:11:22,-07:00,2025-10-17T20:11:22-07:00,0,0
global.js,72,js,2fcfeac7,Albab Neawz,2025-10-17,20:11:22,-07:00,2025-10-17T20:11:22-07:00,0,0
global.js,73,js,c11debcb,Albab Neawz,2025-10-17,20:48:48,-07:00,2025-10-17T20:48:48-07:00,0,64
global.js,74,js,c11debcb,Albab Neawz,2025-10-17,20:48:48,-07:00,2025-10-17T20:48:48-07:00,0,28
global.js,75,js,2fcfeac7,Albab Neawz,2025-10-17,20:11:22,-07:00,2025-10-17T20:11:22-07:00,0,0
global.js,76,js,d33dad5e,Albab Neawz,2025-10-17,20:28:59,-07:00,2025-10-17T20:28:59-07:00,0,44
global.js,77,js,c11debcb,Albab Neawz,2025-10-17,20:48:48,-07:00,2025-10-17T20:48:48-07:00,1,28
global.js,78,js,2fcfeac7,Albab Neawz,2025-10-17,20:11:22,-07:00,2025-10-17T20:11:22-07:00,0,1
global.js,79,js,dcc856c7,Albab Neawz,2025-10-24,19:38:17,-07:00,2025-10-24T19:38:17-07:00,0,0
global.js,80,js,dcc856c7,Albab Neawz,2025-10-24,19:38:17,-07:00,2025-10-24T19:38:17-07:00,0,36
global.js,81,js,dcc856c7,Albab Neawz,2025-10-24,19:38:17,-07:00,2025-10-24T19:38:17-07:00,1,3
global.js,82,js,dcc856c7,Albab Neawz,2025-10-24,19:38:17,-07:00,2025-10-24T19:38:17-07:00,2,32
global.js,83,js,dcc856c7,Albab Neawz,2025-10-24,19:38:17,-07:00,2025-10-24T19:38:17-07:00,2,17
global.js,84,js,dcc856c7,Albab Neawz,2025-10-24,19:38:17,-07:00,2025-10-24T19:38:17-07:00,3,66
global.js,85,js,dcc856c7,Albab Neawz,2025-10-24,19:38:17,-07:00,2025-10-24T19:38:17-07:00,2,0
global.js,86,js,dcc856c7,Albab Neawz,2025-10-24,19:38:17,-07:00,2025-10-24T19:38:17-07:00,2,33
global.js,87,js,dcc856c7,Albab Neawz,2025-10-24,19:38:17,-07:00,2025-10-24T19:38:17-07:00,2,10
global.js,88,js,dcc856c7,Albab Neawz,2025-10-24,19:38:17,-07:00,2025-10-24T19:38:17-07:00,1,15
global.js,89,js,dcc856c7,Albab Neawz,2025-10-24,19:38:17,-07:00,2025-10-24T19:38:17-07:00,2,59
global.js,90,js,dcc856c7,Albab Neawz,2025-10-24,19:38:17,-07:00,2025-10-24T19:38:17-07:00,1,0
global.js,91,js,dcc856c7,Albab Neawz,2025-10-24,19:38:17,-07:00,2025-10-24T19:38:17-07:00,0,0
global.js,92,js,dcc856c7,Albab Neawz,2025-10-24,19:38:17,-07:00,2025-10-24T19:38:17-07:00,0,0
global.js,93,js,dcc856c7,Albab Neawz,2025-10-24,19:38:17,-07:00,2025-10-24T19:38:17-07:00,0,79
global.js,94,js,dcc856c7,Albab Neawz,2025-10-24,19:38:17,-07:00,2025-10-24T19:38:17-07:00,1,28
global.js,95,js,dcc856c7,Albab Neawz,2025-10-24,19:38:17,-07:00,2025-10-24T19:38:17-07:00,1,30
global.js,96,js,dcc856c7,Albab Neawz,2025-10-24,19:38:17,-07:00,2025-10-24T19:38:17-07:00,0,0
global.js,97,js,dcc856c7,Albab Neawz,2025-10-24,19:38:17,-07:00,2025-10-24T19:38:17-07:00,1,29
global.js,98,js,dcc856c7,Albab Neawz,2025-10-24,19:38:17,-07:00,2025-10-24T19:38:17-07:00,2,48
global.js,99,js,dcc856c7,Albab Neawz,2025-10-24,19:38:17,-07:00,2025-10-24T19:38:17-07:00,2,19
global.js,100,js,dcc856c7,Albab Neawz,2025-10-24,19:38:17,-07:00,2025-10-24T19:38:17-07:00,3,49
global.js,101,js,dcc856c7,Albab Neawz,2025-10-24,19:38:17,-07:00,2025-10-24T19:38:17-07:00,3,49
global.js,102,js,dcc856c7,Albab Neawz,2025-10-24,19:38:17,-07:00,2025-10-24T19:38:17-07:00,3,27
global.js,103,js,dcc856c7,Albab Neawz,2025-10-24,19:38:17,-07:00,2025-10-24T19:38:17-07:00,2,0
global.js,104,js,dcc856c7,Albab Neawz,2025-10-24,19:38:17,-07:00,2025-10-24T19:38:17-07:00,2,36
global.js,105,js,dcc856c7,Albab Neawz,2025-10-24,19:38:17,-07:00,2025-10-24T19:38:17-07:00,1,0
global.js,106,js,dcc856c7,Albab Neawz,2025-10-24,19:38:17,-07:00,2025-10-24T19:38:17-07:00,0,0
global.js,107,js,dcc856c7,Albab Neawz,2025-10-24,19:38:17,-07:00,2025-10-24T19:38:17-07:00,1,26
global.js,108,js,dcc856c7,Albab Neawz,2025-10-24,19:38:17,-07:00,2025-10-24T19:38:17-07:00,2,59
global.js,109,js,dcc856c7,Albab Neawz,2025-10-24,19:38:17,-07:00,2025-10-24T19:38:17-07:00,1,0
global.js,110,js,dcc856c7,Albab Neawz,2025-10-24,19:38:17,-07:00,2025-10-24T19:38:17-07:00,0,0
global.js,111,js,dcc856c7,Albab Neawz,2025-10-24,19:38:17,-07:00,2025-10-24T19:38:17-07:00,0,0
global.js,112,js,dcc856c7,Albab Neawz,2025-10-24,19:38:17,-07:00,2025-10-24T19:38:17-07:00,0,47
global.js,113,js,dcc856c7,Albab Neawz,2025-10-24,19:38:17,-07:00,2025-10-24T19:38:17-07:00,1,58
global.js,114,js,dcc856c7,Albab Neawz,2025-10-24,19:38:17,-07:00,2025-10-24T19:38:17-07:00,0,0
Resume\index.html,1,html,1fb6da84,Albab Neawz,2025-10-03,22:50:08,-07:00,2025-10-03T22:50:08-07:00,0,13
Resume\index.html,2,html,1fb6da84,Albab Neawz,2025-10-03,22:50:08,-07:00,2025-10-03T22:50:08-07:00,0,14
Resume\index.html,3,html,1fb6da84,Albab Neawz,2025-10-03,22:50:08,-07:00,2025-10-03T22:50:08-07:00,0,4
Resume\index.html,4,html,1fb6da84,Albab Neawz,2025-10-03,22:50:08,-07:00,2025-10-03T22:50:08-07:00,1,22
Resume\index.html,5,html,1fb6da84,Albab Neawz,2025-10-03,22:50:08,-07:00,2025-10-03T22:50:08-07:00,1,70
Resume\index.html,6,html,1fb6da84,Albab Neawz,2025-10-03,22:50:08,-07:00,2025-10-03T22:50:08-07:00,1,33
Resume\index.html,7,html,1fb6da84,Albab Neawz,2025-10-03,22:50:08,-07:00,2025-10-03T22:50:08-07:00,1,43
Resume\index.html,8,html,1fb6da84,Albab Neawz,2025-10-03,22:50:08,-07:00,2025-10-03T22:50:08-07:00,0,5
Resume\index.html,9,html,1fb6da84,Albab Neawz,2025-10-03,22:50:08,-07:00,2025-10-03T22:50:08-07:00,0,4
Resume\index.html,10,html,1fb6da84,Albab Neawz,2025-10-03,22:50:08,-07:00,2025-10-03T22:50:08-07:00,0,0
Resume\index.html,11,html,1fb6da84,Albab Neawz,2025-10-03,22:50:08,-07:00,2025-10-03T22:50:08-07:00,1,3
Resume\index.html,12,html,1fb6da84,Albab Neawz,2025-10-03,22:50:08,-07:00,2025-10-03T22:50:08-07:00,2,30
Resume\index.html,13,html,1fb6da84,Albab Neawz,2025-10-03,22:50:08,-07:00,2025-10-03T22:50:08-07:00,2,43
Resume\index.html,14,html,9d853c99,Albab Neawz,2025-10-03,22:59:58,-07:00,2025-10-03T22:59:58-07:00,2,41
Resume\index.html,15,html,9d853c99,Albab Neawz,2025-10-03,22:59:58,-07:00,2025-10-03T22:59:58-07:00,2,39
Resume\index.html,16,html,64b87859,Albab Neawz,2025-11-09,20:00:25,-08:00,2025-11-09T20:00:25-08:00,2,35
Resume\index.html,17,html,569f2b00,Albab Neawz,2025-10-03,23:20:56,-07:00,2025-10-03T23:20:56-07:00,2,64
Resume\index.html,18,html,1fb6da84,Albab Neawz,2025-10-03,22:50:08,-07:00,2025-10-03T22:50:08-07:00,1,4
Resume\index.html,19,html,1fb6da84,Albab Neawz,2025-10-03,22:50:08,-07:00,2025-10-03T22:50:08-07:00,0,0
Resume\index.html,20,html,1fb6da84,Albab Neawz,2025-10-03,22:50:08,-07:00,2025-10-03T22:50:08-07:00,1,26
Resume\index.html,21,html,1fb6da84,Albab Neawz,2025-10-03,22:50:08,-07:00,2025-10-03T22:50:08-07:00,0,0
Resume\index.html,22,html,d5f789f1,Albab Neawz,2025-10-10,21:45:10,-07:00,2025-10-10T21:45:10-07:00,1,22
Resume\index.html,23,html,1fb6da84,Albab Neawz,2025-10-03,22:50:08,-07:00,2025-10-03T22:50:08-07:00,0,0
Resume\index.html,24,html,d5f789f1,Albab Neawz,2025-10-10,21:45:10,-07:00,2025-10-10T21:45:10-07:00,2,7
Resume\index.html,25,html,d5f789f1,Albab Neawz,2025-10-10,21:45:10,-07:00,2025-10-10T21:45:10-07:00,3,6
Resume\index.html,26,html,d5f789f1,Albab Neawz,2025-10-10,21:45:10,-07:00,2025-10-10T21:45:10-07:00,4,14
Resume\index.html,27,html,d5f789f1,Albab Neawz,2025-10-10,21:45:10,-07:00,2025-10-10T21:45:10-07:00,3,7
Resume\index.html,28,html,1fb6da84,Albab Neawz,2025-10-03,22:50:08,-07:00,2025-10-03T22:50:08-07:00,3,1
Resume\index.html,29,html,d5f789f1,Albab Neawz,2025-10-10,21:45:10,-07:00,2025-10-10T21:45:10-07:00,4,109
Resume\index.html,30,html,d5f789f1,Albab Neawz,2025-10-10,21:45:10,-07:00,2025-10-10T21:45:10-07:00,4,21
Resume\index.html,31,html,d5f789f1,Albab Neawz,2025-10-10,21:45:10,-07:00,2025-10-10T21:45:10-07:00,4,29
Resume\index.html,32,html,1fb6da84,Albab Neawz,2025-10-03,22:50:08,-07:00,2025-10-03T22:50:08-07:00,3,2
Resume\index.html,33,html,d5f789f1,Albab Neawz,2025-10-10,21:45:10,-07:00,2025-10-10T21:45:10-07:00,2,8
Resume\index.html,34,html,d5f789f1,Albab Neawz,2025-10-10,21:45:10,-07:00,2025-10-10T21:45:10-07:00,0,0
Resume\index.html,35,html,d5f789f1,Albab Neawz,2025-10-10,21:45:10,-07:00,2025-10-10T21:45:10-07:00,2,7
Resume\index.html,36,html,d5f789f1,Albab Neawz,2025-10-10,21:45:10,-07:00,2025-10-10T21:45:10-07:00,3,6
Resume\index.html,37,html,d5f789f1,Albab Neawz,2025-10-10,21:45:10,-07:00,2025-10-10T21:45:10-07:00,4,16
Resume\index.html,38,html,d5f789f1,Albab Neawz,2025-10-10,21:45:10,-07:00,2025-10-10T21:45:10-07:00,3,7
Resume\index.html,39,html,1fb6da84,Albab Neawz,2025-10-03,22:50:08,-07:00,2025-10-03T22:50:08-07:00,3,1
Resume\index.html,40,html,d5f789f1,Albab Neawz,2025-10-10,21:45:10,-07:00,2025-10-10T21:45:10-07:00,4,187
Resume\index.html,41,html,1fb6da84,Albab Neawz,2025-10-03,22:50:08,-07:00,2025-10-03T22:50:08-07:00,3,2
Resume\index.html,42,html,d5f789f1,Albab Neawz,2025-10-10,21:45:10,-07:00,2025-10-10T21:45:10-07:00,2,8
Resume\index.html,43,html,d5f789f1,Albab Neawz,2025-10-10,21:45:10,-07:00,2025-10-10T21:45:10-07:00,0,0
Resume\index.html,44,html,d5f789f1,Albab Neawz,2025-10-10,21:45:10,-07:00,2025-10-10T21:45:10-07:00,2,7
Resume\index.html,45,html,d5f789f1,Albab Neawz,2025-10-10,21:45:10,-07:00,2025-10-10T21:45:10-07:00,3,6
Resume\index.html,46,html,d5f789f1,Albab Neawz,2025-10-10,21:45:10,-07:00,2025-10-10T21:45:10-07:00,4,16
Resume\index.html,47,html,d5f789f1,Albab Neawz,2025-10-10,21:45:10,-07:00,2025-10-10T21:45:10-07:00,3,7
Resume\index.html,48,html,d5f789f1,Albab Neawz,2025-10-10,21:45:10,-07:00,2025-10-10T21:45:10-07:00,3,7
Resume\index.html,49,html,d5f789f1,Albab Neawz,2025-10-10,21:45:10,-07:00,2025-10-10T21:45:10-07:00,4,42
Resume\index.html,50,html,d5f789f1,Albab Neawz,2025-10-10,21:45:10,-07:00,2025-10-10T21:45:10-07:00,4,27
Resume\index.html,51,html,d5f789f1,Albab Neawz,2025-10-10,21:45:10,-07:00,2025-10-10T21:45:10-07:00,4,48
Resume\index.html,52,html,d5f789f1,Albab Neawz,2025-10-10,21:45:10,-07:00,2025-10-10T21:45:10-07:00,3,8
Resume\index.html,53,html,d5f789f1,Albab Neawz,2025-10-10,21:45:10,-07:00,2025-10-10T21:45:10-07:00,3,7
Resume\index.html,54,html,d5f789f1,Albab Neawz,2025-10-10,21:45:10,-07:00,2025-10-10T21:45:10-07:00,4,46
Resume\index.html,55,html,d5f789f1,Albab Neawz,2025-10-10,21:45:10,-07:00,2025-10-10T21:45:10-07:00,4,52
Resume\index.html,56,html,d5f789f1,Albab Neawz,2025-10-10,21:45:10,-07:00,2025-10-10T21:45:10-07:00,4,39
Resume\index.html,57,html,d5f789f1,Albab Neawz,2025-10-10,21:45:10,-07:00,2025-10-10T21:45:10-07:00,3,8
Resume\index.html,58,html,d5f789f1,Albab Neawz,2025-10-10,21:45:10,-07:00,2025-10-10T21:45:10-07:00,2,8
Resume\index.html,59,html,d5f789f1,Albab Neawz,2025-10-10,21:45:10,-07:00,2025-10-10T21:45:10-07:00,0,0
Resume\index.html,60,html,d5f789f1,Albab Neawz,2025-10-10,21:45:10,-07:00,2025-10-10T21:45:10-07:00,2,7
Resume\index.html,61,html,d5f789f1,Albab Neawz,2025-10-10,21:45:10,-07:00,2025-10-10T21:45:10-07:00,3,6
Resume\index.html,62,html,d5f789f1,Albab Neawz,2025-10-10,21:45:10,-07:00,2025-10-10T21:45:10-07:00,4,17
Resume\index.html,63,html,d5f789f1,Albab Neawz,2025-10-10,21:45:10,-07:00,2025-10-10T21:45:10-07:00,3,7
Resume\index.html,64,html,d5f789f1,Albab Neawz,2025-10-10,21:45:10,-07:00,2025-10-10T21:45:10-07:00,0,0
Resume\index.html,65,html,d5f789f1,Albab Neawz,2025-10-10,21:45:10,-07:00,2025-10-10T21:45:10-07:00,3,7
Resume\index.html,66,html,d5f789f1,Albab Neawz,2025-10-10,21:45:10,-07:00,2025-10-10T21:45:10-07:00,4,56
Resume\index.html,67,html,d5f789f1,Albab Neawz,2025-10-10,21:45:10,-07:00,2025-10-10T21:45:10-07:00,4,48
Resume\index.html,68,html,d5f789f1,Albab Neawz,2025-10-10,21:45:10,-07:00,2025-10-10T21:45:10-07:00,4,2
Resume\index.html,69,html,d5f789f1,Albab Neawz,2025-10-10,21:45:10,-07:00,2025-10-10T21:45:10-07:00,5,82
Resume\index.html,70,html,d5f789f1,Albab Neawz,2025-10-10,21:45:10,-07:00,2025-10-10T21:45:10-07:00,5,103
Resume\index.html,71,html,d5f789f1,Albab Neawz,2025-10-10,21:45:10,-07:00,2025-10-10T21:45:10-07:00,4,3
Resume\index.html,72,html,d5f789f1,Albab Neawz,2025-10-10,21:45:10,-07:00,2025-10-10T21:45:10-07:00,3,8
Resume\index.html,73,html,d5f789f1,Albab Neawz,2025-10-10,21:45:10,-07:00,2025-10-10T21:45:10-07:00,0,0
Resume\index.html,74,html,d5f789f1,Albab Neawz,2025-10-10,21:45:10,-07:00,2025-10-10T21:45:10-07:00,3,7
Resume\index.html,75,html,d5f789f1,Albab Neawz,2025-10-10,21:45:10,-07:00,2025-10-10T21:45:10-07:00,4,52
Resume\index.html,76,html,d5f789f1,Albab Neawz,2025-10-10,21:45:10,-07:00,2025-10-10T21:45:10-07:00,4,81
Resume\index.html,77,html,d5f789f1,Albab Neawz,2025-10-10,21:45:10,-07:00,2025-10-10T21:45:10-07:00,4,2
Resume\index.html,78,html,d5f789f1,Albab Neawz,2025-10-10,21:45:10,-07:00,2025-10-10T21:45:10-07:00,5,41
Resume\index.html,79,html,d5f789f1,Albab Neawz,2025-10-10,21:45:10,-07:00,2025-10-10T21:45:10-07:00,5,72
Resume\index.html,80,html,d5f789f1,Albab Neawz,2025-10-10,21:45:10,-07:00,2025-10-10T21:45:10-07:00,5,71
Resume\index.html,81,html,d5f789f1,Albab Neawz,2025-10-10,21:45:10,-07:00,2025-10-10T21:45:10-07:00,4,3
Resume\index.html,82,html,d5f789f1,Albab Neawz,2025-10-10,21:45:10,-07:00,2025-10-10T21:45:10-07:00,3,8
Resume\index.html,83,html,d5f789f1,Albab Neawz,2025-10-10,21:45:10,-07:00,2025-10-10T21:45:10-07:00,0,0
Resume\index.html,84,html,d5f789f1,Albab Neawz,2025-10-10,21:45:10,-07:00,2025-10-10T21:45:10-07:00,3,7
Resume\index.html,85,html,d5f789f1,Albab Neawz,2025-10-10,21:45:10,-07:00,2025-10-10T21:45:10-07:00,4,44
Resume\index.html,86,html,d5f789f1,Albab Neawz,2025-10-10,21:45:10,-07:00,2025-10-10T21:45:10-07:00,4,81
Resume\index.html,87,html,d5f789f1,Albab Neawz,2025-10-10,21:45:10,-07:00,2025-10-10T21:45:10-07:00,4,2
Resume\index.html,88,html,d5f789f1,Albab Neawz,2025-10-10,21:45:10,-07:00,2025-10-10T21:45:10-07:00,5,80
Resume\index.html,89,html,d5f789f1,Albab Neawz,2025-10-10,21:45:10,-07:00,2025-10-10T21:45:10-07:00,5,54
Resume\index.html,90,html,d5f789f1,Albab Neawz,2025-10-10,21:45:10,-07:00,2025-10-10T21:45:10-07:00,5,98
Resume\index.html,91,html,d5f789f1,Albab Neawz,2025-10-10,21:45:10,-07:00,2025-10-10T21:45:10-07:00,5,76
Resume\index.html,92,html,d5f789f1,Albab Neawz,2025-10-10,21:45:10,-07:00,2025-10-10T21:45:10-07:00,4,3
Resume\index.html,93,html,d5f789f1,Albab Neawz,2025-10-10,21:45:10,-07:00,2025-10-10T21:45:10-07:00,3,8
Resume\index.html,94,html,d5f789f1,Albab Neawz,2025-10-10,21:45:10,-07:00,2025-10-10T21:45:10-07:00,2,8
Resume\index.html,95,html,d5f789f1,Albab Neawz,2025-10-10,21:45:10,-07:00,2025-10-10T21:45:10-07:00,0,0
Resume\index.html,96,html,d5f789f1,Albab Neawz,2025-10-10,21:45:10,-07:00,2025-10-10T21:45:10-07:00,2,7
Resume\index.html,97,html,d5f789f1,Albab Neawz,2025-10-10,21:45:10,-07:00,2025-10-10T21:45:10-07:00,3,6
Resume\index.html,98,html,d5f789f1,Albab Neawz,2025-10-10,21:45:10,-07:00,2025-10-10T21:45:10-07:00,4,13
Resume\index.html,99,html,d5f789f1,Albab Neawz,2025-10-10,21:45:10,-07:00,2025-10-10T21:45:10-07:00,3,7
Resume\index.html,100,html,d5f789f1,Albab Neawz,2025-10-10,21:45:10,-07:00,2025-10-10T21:45:10-07:00,0,0
Resume\index.html,101,html,d5f789f1,Albab Neawz,2025-10-10,21:45:10,-07:00,2025-10-10T21:45:10-07:00,3,22
Resume\index.html,102,html,1fb6da84,Albab Neawz,2025-10-03,22:50:08,-07:00,2025-10-03T22:50:08-07:00,3,2
Resume\index.html,103,html,d5f789f1,Albab Neawz,2025-10-10,21:45:10,-07:00,2025-10-10T21:45:10-07:00,4,97
Resume\index.html,104,html,d5f789f1,Albab Neawz,2025-10-10,21:45:10,-07:00,2025-10-10T21:45:10-07:00,4,63
Resume\index.html,105,html,d5f789f1,Albab Neawz,2025-10-10,21:45:10,-07:00,2025-10-10T21:45:10-07:00,3,3
Resume\index.html,106,html,1fb6da84,Albab Neawz,2025-10-03,22:50:08,-07:00,2025-10-03T22:50:08-07:00,0,0
Resume\index.html,107,html,d5f789f1,Albab Neawz,2025-10-10,21:45:10,-07:00,2025-10-10T21:45:10-07:00,3,28
Resume\index.html,108,html,d5f789f1,Albab Neawz,2025-10-10,21:45:10,-07:00,2025-10-10T21:45:10-07:00,3,2
Resume\index.html,109,html,d5f789f1,Albab Neawz,2025-10-10,21:45:10,-07:00,2025-10-10T21:45:10-07:00,4,32
Resume\index.html,110,html,d5f789f1,Albab Neawz,2025-10-10,21:45:10,-07:00,2025-10-10T21:45:10-07:00,4,75
Resume\index.html,111,html,d5f789f1,Albab Neawz,2025-10-10,21:45:10,-07:00,2025-10-10T21:45:10-07:00,4,55
Resume\index.html,112,html,d5f789f1,Albab Neawz,2025-10-10,21:45:10,-07:00,2025-10-10T21:45:10-07:00,4,48
Resume\index.html,113,html,d5f789f1,Albab Neawz,2025-10-10,21:45:10,-07:00,2025-10-10T21:45:10-07:00,3,3
Resume\index.html,114,html,d5f789f1,Albab Neawz,2025-10-10,21:45:10,-07:00,2025-10-10T21:45:10-07:00,2,8
Resume\index.html,115,html,1fb6da84,Albab Neawz,2025-10-03,22:50:08,-07:00,2025-10-03T22:50:08-07:00,0,0
Resume\index.html,116,html,1fb6da84,Albab Neawz,2025-10-03,22:50:08,-07:00,2025-10-03T22:50:08-07:00,1,8
Resume\index.html,117,html,c1f6e706,Albab Neawz,2025-10-17,19:26:44,-07:00,2025-10-17T19:26:44-07:00,0,48
Resume\index.html,118,html,1fb6da84,Albab Neawz,2025-10-03,22:50:08,-07:00,2025-10-03T22:50:08-07:00,0,0
Resume\index.html,119,html,1fb6da84,Albab Neawz,2025-10-03,22:50:08,-07:00,2025-10-03T22:50:08-07:00,0,5
Resume\index.html,120,html,d5f789f1,Albab Neawz,2025-10-10,21:45:10,-07:00,2025-10-10T21:45:10-07:00,0,5
projects\projects.js,1,js,3e036197,Albab Neawz,2025-10-31,23:42:22,-07:00,2025-10-31T23:42:22-07:00,0,55
projects\projects.js,2,js,a14a9d93,Albab Neawz,2025-10-31,21:15:09,-07:00,2025-10-31T21:15:09-07:00,0,0
projects\projects.js,3,js,f072211d,Albab Neawz,2025-10-31,23:44:56,-07:00,2025-10-31T23:44:56-07:00,0,55
projects\projects.js,4,js,fc28ead1,Albab Neawz,2025-10-31,22:42:19,-07:00,2025-10-31T22:42:19-07:00,0,60
projects\projects.js,5,js,d6a1c464,Albab Neawz,2025-10-31,23:34:37,-07:00,2025-10-31T23:34:37-07:00,0,13
projects\projects.js,6,js,add091c2,Albab Neawz,2025-10-31,23:37:59,-07:00,2025-10-31T23:37:59-07:00,0,22
projects\projects.js,7,js,9d9ca76b,Albab Neawz,2025-10-31,23:28:20,-07:00,2025-10-31T23:28:20-07:00,0,0
projects\projects.js,8,js,f072211d,Albab Neawz,2025-10-31,23:44:56,-07:00,2025-10-31T23:44:56-07:00,0,25
projects\projects.js,9,js,add091c2,Albab Neawz,2025-10-31,23:37:59,-07:00,2025-10-31T23:37:59-07:00,1,27
projects\projects.js,10,js,f072211d,Albab Neawz,2025-10-31,23:44:56,-07:00,2025-10-31T23:44:56-07:00,2,90
projects\projects.js,11,js,add091c2,Albab Neawz,2025-10-31,23:37:59,-07:00,2025-10-31T23:37:59-07:00,2,64
projects\projects.js,12,js,f072211d,Albab Neawz,2025-10-31,23:44:56,-07:00,2025-10-31T23:44:56-07:00,2,33
projects\projects.js,13,js,add091c2,Albab Neawz,2025-10-31,23:37:59,-07:00,2025-10-31T23:37:59-07:00,1,1
projects\projects.js,14,js,add091c2,Albab Neawz,2025-10-31,23:37:59,-07:00,2025-10-31T23:37:59-07:00,0,0
projects\projects.js,15,js,add091c2,Albab Neawz,2025-10-31,23:37:59,-07:00,2025-10-31T23:37:59-07:00,0,0
projects\projects.js,16,js,3e036197,Albab Neawz,2025-10-31,23:42:22,-07:00,2025-10-31T23:42:22-07:00,0,33
projects\projects.js,17,js,f072211d,Albab Neawz,2025-10-31,23:44:56,-07:00,2025-10-31T23:44:56-07:00,1,32
projects\projects.js,18,js,f072211d,Albab Neawz,2025-10-31,23:44:56,-07:00,2025-10-31T23:44:56-07:00,1,48
projects\projects.js,19,js,f072211d,Albab Neawz,2025-10-31,23:44:56,-07:00,2025-10-31T23:44:56-07:00,1,56
projects\projects.js,20,js,f072211d,Albab Neawz,2025-10-31,23:44:56,-07:00,2025-10-31T23:44:56-07:00,1,65
projects\projects.js,21,js,3e036197,Albab Neawz,2025-10-31,23:42:22,-07:00,2025-10-31T23:42:22-07:00,0,0
projects\projects.js,22,js,add091c2,Albab Neawz,2025-10-31,23:37:59,-07:00,2025-10-31T23:37:59-07:00,0,0
projects\projects.js,23,js,f072211d,Albab Neawz,2025-10-31,23:44:56,-07:00,2025-10-31T23:44:56-07:00,0,55
projects\projects.js,24,js,f072211d,Albab Neawz,2025-10-31,23:44:56,-07:00,2025-10-31T23:44:56-07:00,0,44
projects\projects.js,25,js,f072211d,Albab Neawz,2025-10-31,23:44:56,-07:00,2025-10-31T23:44:56-07:00,1,21
projects\projects.js,26,js,f072211d,Albab Neawz,2025-10-31,23:44:56,-07:00,2025-10-31T23:44:56-07:00,1,23
projects\projects.js,27,js,f072211d,Albab Neawz,2025-10-31,23:44:56,-07:00,2025-10-31T23:44:56-07:00,1,15
projects\projects.js,28,js,f072211d,Albab Neawz,2025-10-31,23:44:56,-07:00,2025-10-31T23:44:56-07:00,0,1
projects\projects.js,29,js,f072211d,Albab Neawz,2025-10-31,23:44:56,-07:00,2025-10-31T23:44:56-07:00,0,0
projects\projects.js,30,js,3e036197,Albab Neawz,2025-10-31,23:42:22,-07:00,2025-10-31T23:42:22-07:00,0,25
projects\projects.js,31,js,f072211d,Albab Neawz,2025-10-31,23:44:56,-07:00,2025-10-31T23:44:56-07:00,1,42
projects\projects.js,32,js,f072211d,Albab Neawz,2025-10-31,23:44:56,-07:00,2025-10-31T23:44:56-07:00,1,34
projects\projects.js,33,js,f072211d,Albab Neawz,2025-10-31,23:44:56,-07:00,2025-10-31T23:44:56-07:00,1,26
projects\projects.js,34,js,f072211d,Albab Neawz,2025-10-31,23:44:56,-07:00,2025-10-31T23:44:56-07:00,1,29
projects\projects.js,35,js,add091c2,Albab Neawz,2025-10-31,23:37:59,-07:00,2025-10-31T23:37:59-07:00,0,0
projects\projects.js,36,js,f072211d,Albab Neawz,2025-10-31,23:44:56,-07:00,2025-10-31T23:44:56-07:00,1,36
projects\projects.js,37,js,f072211d,Albab Neawz,2025-10-31,23:44:56,-07:00,2025-10-31T23:44:56-07:00,1,93
projects\projects.js,38,js,3e036197,Albab Neawz,2025-10-31,23:42:22,-07:00,2025-10-31T23:42:22-07:00,1,64
projects\projects.js,39,js,3e036197,Albab Neawz,2025-10-31,23:42:22,-07:00,2025-10-31T23:42:22-07:00,0,0
projects\projects.js,40,js,f072211d,Albab Neawz,2025-10-31,23:44:56,-07:00,2025-10-31T23:44:56-07:00,1,20
projects\projects.js,41,js,f072211d,Albab Neawz,2025-10-31,23:44:56,-07:00,2025-10-31T23:44:56-07:00,1,62
projects\projects.js,42,js,f072211d,Albab Neawz,2025-10-31,23:44:56,-07:00,2025-10-31T23:44:56-07:00,1,70
projects\projects.js,43,js,f072211d,Albab Neawz,2025-10-31,23:44:56,-07:00,2025-10-31T23:44:56-07:00,1,51
projects\projects.js,44,js,add091c2,Albab Neawz,2025-10-31,23:37:59,-07:00,2025-10-31T23:37:59-07:00,0,0
projects\projects.js,45,js,add091c2,Albab Neawz,2025-10-31,23:37:59,-07:00,2025-10-31T23:37:59-07:00,1,39
projects\projects.js,46,js,add091c2,Albab Neawz,2025-10-31,23:37:59,-07:00,2025-10-31T23:37:59-07:00,1,21
projects\projects.js,47,js,add091c2,Albab Neawz,2025-10-31,23:37:59,-07:00,2025-10-31T23:37:59-07:00,0,0
projects\projects.js,48,js,f072211d,Albab Neawz,2025-10-31,23:44:56,-07:00,2025-10-31T23:44:56-07:00,1,54
projects\projects.js,49,js,f072211d,Albab Neawz,2025-10-31,23:44:56,-07:00,2025-10-31T23:44:56-07:00,1,60
projects\projects.js,50,js,f072211d,Albab Neawz,2025-10-31,23:44:56,-07:00,2025-10-31T23:44:56-07:00,0,0
projects\projects.js,51,js,f072211d,Albab Neawz,2025-10-31,23:44:56,-07:00,2025-10-31T23:44:56-07:00,1,17
projects\projects.js,52,js,add091c2,Albab Neawz,2025-10-31,23:37:59,-07:00,2025-10-31T23:37:59-07:00,2,9
projects\projects.js,53,js,add091c2,Albab Neawz,2025-10-31,23:37:59,-07:00,2025-10-31T23:37:59-07:00,2,6
projects\projects.js,54,js,add091c2,Albab Neawz,2025-10-31,23:37:59,-07:00,2025-10-31T23:37:59-07:00,2,13
projects\projects.js,55,js,add091c2,Albab Neawz,2025-10-31,23:37:59,-07:00,2025-10-31T23:37:59-07:00,2,16
projects\projects.js,56,js,3e036197,Albab Neawz,2025-10-31,23:42:22,-07:00,2025-10-31T23:42:22-07:00,2,41
projects\projects.js,57,js,add091c2,Albab Neawz,2025-10-31,23:37:59,-07:00,2025-10-31T23:37:59-07:00,2,22
projects\projects.js,58,js,add091c2,Albab Neawz,2025-10-31,23:37:59,-07:00,2025-10-31T23:37:59-07:00,2,24
projects\projects.js,59,js,add091c2,Albab Neawz,2025-10-31,23:37:59,-07:00,2025-10-31T23:37:59-07:00,2,25
projects\projects.js,60,js,f072211d,Albab Neawz,2025-10-31,23:44:56,-07:00,2025-10-31T23:44:56-07:00,2,53
projects\projects.js,61,js,add091c2,Albab Neawz,2025-10-31,23:37:59,-07:00,2025-10-31T23:37:59-07:00,2,26
projects\projects.js,62,js,3e036197,Albab Neawz,2025-10-31,23:42:22,-07:00,2025-10-31T23:42:22-07:00,3,63
projects\projects.js,63,js,3e036197,Albab Neawz,2025-10-31,23:42:22,-07:00,2025-10-31T23:42:22-07:00,3,23
projects\projects.js,64,js,3e036197,Albab Neawz,2025-10-31,23:42:22,-07:00,2025-10-31T23:42:22-07:00,3,15
projects\projects.js,65,js,add091c2,Albab Neawz,2025-10-31,23:37:59,-07:00,2025-10-31T23:37:59-07:00,2,1
projects\projects.js,66,js,add091c2,Albab Neawz,2025-10-31,23:37:59,-07:00,2025-10-31T23:37:59-07:00,0,0
projects\projects.js,67,js,f072211d,Albab Neawz,2025-10-31,23:44:56,-07:00,2025-10-31T23:44:56-07:00,1,20
projects\projects.js,68,js,add091c2,Albab Neawz,2025-10-31,23:37:59,-07:00,2025-10-31T23:37:59-07:00,2,9
projects\projects.js,69,js,add091c2,Albab Neawz,2025-10-31,23:37:59,-07:00,2025-10-31T23:37:59-07:00,2,6
projects\projects.js,70,js,add091c2,Albab Neawz,2025-10-31,23:37:59,-07:00,2025-10-31T23:37:59-07:00,2,11
projects\projects.js,71,js,3e036197,Albab Neawz,2025-10-31,23:42:22,-07:00,2025-10-31T23:42:22-07:00,2,50
projects\projects.js,72,js,f072211d,Albab Neawz,2025-10-31,23:44:56,-07:00,2025-10-31T23:44:56-07:00,2,48
projects\projects.js,73,js,f072211d,Albab Neawz,2025-10-31,23:44:56,-07:00,2025-10-31T23:44:56-07:00,2,73
projects\projects.js,74,js,add091c2,Albab Neawz,2025-10-31,23:37:59,-07:00,2025-10-31T23:37:59-07:00,0,0
projects\projects.js,75,js,add091c2,Albab Neawz,2025-10-31,23:37:59,-07:00,2025-10-31T23:37:59-07:00,0,0
projects\projects.js,76,js,3e036197,Albab Neawz,2025-10-31,23:42:22,-07:00,2025-10-31T23:42:22-07:00,0,23
projects\projects.js,77,js,3e036197,Albab Neawz,2025-10-31,23:42:22,-07:00,2025-10-31T23:42:22-07:00,0,15
projects\index.html,1,html,7debfe64,Albab Neawz,2025-10-03,22:21:27,-07:00,2025-10-03T22:21:27-07:00,0,13
projects\index.html,2,html,7debfe64,Albab Neawz,2025-10-03,22:21:27,-07:00,2025-10-03T22:21:27-07:00,0,14
projects\index.html,3,html,7debfe64,Albab Neawz,2025-10-03,22:21:27,-07:00,2025-10-03T22:21:27-07:00,0,4
projects\index.html,4,html,7debfe64,Albab Neawz,2025-10-03,22:21:27,-07:00,2025-10-03T22:21:27-07:00,1,22
projects\index.html,5,html,7debfe64,Albab Neawz,2025-10-03,22:21:27,-07:00,2025-10-03T22:21:27-07:00,1,70
projects\index.html,6,html,7debfe64,Albab Neawz,2025-10-03,22:21:27,-07:00,2025-10-03T22:21:27-07:00,1,35
projects\index.html,7,html,7debfe64,Albab Neawz,2025-10-03,22:21:27,-07:00,2025-10-03T22:21:27-07:00,1,43
projects\index.html,8,html,31f3aed7,Albab Neawz,2025-10-31,23:00:15,-07:00,2025-10-31T23:00:15-07:00,1,51
projects\index.html,9,html,7debfe64,Albab Neawz,2025-10-03,22:21:27,-07:00,2025-10-03T22:21:27-07:00,0,5
projects\index.html,10,html,7debfe64,Albab Neawz,2025-10-03,22:21:27,-07:00,2025-10-03T22:21:27-07:00,0,4
projects\index.html,11,html,e59ae957,Albab Neawz,2025-10-31,23:15:59,-07:00,2025-10-31T23:15:59-07:00,1,3
projects\index.html,12,html,e59ae957,Albab Neawz,2025-10-31,23:15:59,-07:00,2025-10-31T23:15:59-07:00,2,30
projects\index.html,13,html,e59ae957,Albab Neawz,2025-10-31,23:15:59,-07:00,2025-10-31T23:15:59-07:00,2,59
projects\index.html,14,html,e59ae957,Albab Neawz,2025-10-31,23:15:59,-07:00,2025-10-31T23:15:59-07:00,2,41
projects\index.html,15,html,e59ae957,Albab Neawz,2025-10-31,23:15:59,-07:00,2025-10-31T23:15:59-07:00,2,39
projects\index.html,16,html,64b87859,Albab Neawz,2025-11-09,20:00:25,-08:00,2025-11-09T20:00:25-08:00,2,35
projects\index.html,17,html,e59ae957,Albab Neawz,2025-10-31,23:15:59,-07:00,2025-10-31T23:15:59-07:00,2,64
projects\index.html,18,html,e59ae957,Albab Neawz,2025-10-31,23:15:59,-07:00,2025-10-31T23:15:59-07:00,1,4
projects\index.html,19,html,7debfe64,Albab Neawz,2025-10-03,22:21:27,-07:00,2025-10-03T22:21:27-07:00,0,0
projects\index.html,20,html,e59ae957,Albab Neawz,2025-10-31,23:15:59,-07:00,2025-10-31T23:15:59-07:00,1,38
projects\index.html,21,html,e59ae957,Albab Neawz,2025-10-31,23:15:59,-07:00,2025-10-31T23:15:59-07:00,1,102
projects\index.html,22,html,df147eca,Albab Neawz,2025-10-31,21:07:16,-07:00,2025-10-31T21:07:16-07:00,0,0
projects\index.html,23,html,e59ae957,Albab Neawz,2025-10-31,23:15:59,-07:00,2025-10-31T23:15:59-07:00,1,21
projects\index.html,24,html,f072211d,Albab Neawz,2025-10-31,23:44:56,-07:00,2025-10-31T23:44:56-07:00,2,85
projects\index.html,25,html,e59ae957,Albab Neawz,2025-10-31,23:15:59,-07:00,2025-10-31T23:15:59-07:00,2,22
projects\index.html,26,html,e59ae957,Albab Neawz,2025-10-31,23:15:59,-07:00,2025-10-31T23:15:59-07:00,1,4
projects\index.html,27,html,37d378d8,Albab Neawz,2025-10-17,19:35:09,-07:00,2025-10-17T19:35:09-07:00,0,0
projects\index.html,28,html,e59ae957,Albab Neawz,2025-10-31,23:15:59,-07:00,2025-10-31T23:15:59-07:00,1,26
projects\index.html,29,html,e59ae957,Albab Neawz,2025-10-31,23:15:59,-07:00,2025-10-31T23:15:59-07:00,0,0
projects\index.html,30,html,e59ae957,Albab Neawz,2025-10-31,23:15:59,-07:00,2025-10-31T23:15:59-07:00,1,48
projects\index.html,31,html,e59ae957,Albab Neawz,2025-10-31,23:15:59,-07:00,2025-10-31T23:15:59-07:00,1,47
projects\index.html,32,html,7debfe64,Albab Neawz,2025-10-03,22:21:27,-07:00,2025-10-03T22:21:27-07:00,0,5
projects\index.html,33,html,7debfe64,Albab Neawz,2025-10-03,22:21:27,-07:00,2025-10-03T22:21:27-07:00,0,5
meta\main.js,1,js,64b87859,Albab Neawz,2025-11-09,20:00:25,-08:00,2025-11-09T20:00:25-08:00,0,59
meta\main.js,2,js,64b87859,Albab Neawz,2025-11-09,20:00:25,-08:00,2025-11-09T20:00:25-08:00,0,0
meta\main.js,3,js,3f0df87a,Albab Neawz,2025-11-09,20:19:11,-08:00,2025-11-09T20:19:11-08:00,0,26
meta\main.js,4,js,3f0df87a,Albab Neawz,2025-11-09,20:19:11,-08:00,2025-11-09T20:19:11-08:00,0,0
meta\main.js,5,js,55defe59,Albab Neawz,2025-11-09,20:38:14,-08:00,2025-11-09T20:38:14-08:00,0,10
meta\main.js,6,js,64b87859,Albab Neawz,2025-11-09,20:00:25,-08:00,2025-11-09T20:00:25-08:00,0,36
meta\main.js,7,js,64b87859,Albab Neawz,2025-11-09,20:00:25,-08:00,2025-11-09T20:00:25-08:00,0,16
meta\main.js,8,js,64b87859,Albab Neawz,2025-11-09,20:00:25,-08:00,2025-11-09T20:00:25-08:00,0,17
meta\main.js,9,js,64b87859,Albab Neawz,2025-11-09,20:00:25,-08:00,2025-11-09T20:00:25-08:00,0,46
meta\main.js,10,js,64b87859,Albab Neawz,2025-11-09,20:00:25,-08:00,2025-11-09T20:00:25-08:00,0,0
meta\main.js,11,js,00000000,Not Committed Yet,2025-11-09,20:44:32,-08:00,2025-11-09T20:44:32-08:00,0,58
meta\main.js,12,js,64b87859,Albab Neawz,2025-11-09,20:00:25,-08:00,2025-11-09T20:00:25-08:00,0,48
meta\main.js,13,js,64b87859,Albab Neawz,2025-11-09,20:00:25,-08:00,2025-11-09T20:00:25-08:00,0,49
meta\main.js,14,js,64b87859,Albab Neawz,2025-11-09,20:00:25,-08:00,2025-11-09T20:00:25-08:00,0,0
meta\main.js,15,js,64b87859,Albab Neawz,2025-11-09,20:00:25,-08:00,2025-11-09T20:00:25-08:00,0,85
meta\main.js,16,js,64b87859,Albab Neawz,2025-11-09,20:00:25,-08:00,2025-11-09T20:00:25-08:00,0,0
meta\main.js,17,js,55defe59,Albab Neawz,2025-11-09,20:38:14,-08:00,2025-11-09T20:38:14-08:00,0,8
meta\main.js,18,js,64b87859,Albab Neawz,2025-11-09,20:00:25,-08:00,2025-11-09T20:00:25-08:00,0,31
meta\main.js,19,js,64b87859,Albab Neawz,2025-11-09,20:00:25,-08:00,2025-11-09T20:00:25-08:00,1,12
meta\main.js,20,js,64b87859,Albab Neawz,2025-11-09,20:00:25,-08:00,2025-11-09T20:00:25-08:00,1,20
meta\main.js,21,js,55defe59,Albab Neawz,2025-11-09,20:38:14,-08:00,2025-11-09T20:38:14-08:00,1,18
meta\main.js,22,js,55defe59,Albab Neawz,2025-11-09,20:38:14,-08:00,2025-11-09T20:38:14-08:00,1,28
meta\main.js,23,js,55defe59,Albab Neawz,2025-11-09,20:38:14,-08:00,2025-11-09T20:38:14-08:00,1,32
meta\main.js,24,js,55defe59,Albab Neawz,2025-11-09,20:38:14,-08:00,2025-11-09T20:38:14-08:00,1,22
meta\main.js,25,js,55defe59,Albab Neawz,2025-11-09,20:38:14,-08:00,2025-11-09T20:38:14-08:00,1,32
meta\main.js,26,js,55defe59,Albab Neawz,2025-11-09,20:38:14,-08:00,2025-11-09T20:38:14-08:00,1,28
meta\main.js,27,js,55defe59,Albab Neawz,2025-11-09,20:38:14,-08:00,2025-11-09T20:38:14-08:00,1,31
meta\main.js,28,js,55defe59,Albab Neawz,2025-11-09,20:38:14,-08:00,2025-11-09T20:38:14-08:00,0,0
meta\main.js,29,js,55defe59,Albab Neawz,2025-11-09,20:38:14,-08:00,2025-11-09T20:38:14-08:00,0,14
meta\main.js,30,js,64b87859,Albab Neawz,2025-11-09,20:00:25,-08:00,2025-11-09T20:00:25-08:00,0,39
meta\main.js,31,js,64b87859,Albab Neawz,2025-11-09,20:00:25,-08:00,2025-11-09T20:00:25-08:00,0,51
meta\main.js,32,js,64b87859,Albab Neawz,2025-11-09,20:00:25,-08:00,2025-11-09T20:00:25-08:00,0,0
meta\main.js,33,js,00000000,Not Committed Yet,2025-11-09,20:44:32,-08:00,2025-11-09T20:44:32-08:00,0,9
meta\main.js,34,js,71942449,Albab Neawz,2025-11-09,20:35:08,-08:00,2025-11-09T20:35:08-08:00,0,39
meta\main.js,35,js,71942449,Albab Neawz,2025-11-09,20:35:08,-08:00,2025-11-09T20:35:08-08:00,1,46
meta\main.js,36,js,71942449,Albab Neawz,2025-11-09,20:35:08,-08:00,2025-11-09T20:35:08-08:00,1,6
meta\main.js,37,js,71942449,Albab Neawz,2025-11-09,20:35:08,-08:00,2025-11-09T20:35:08-08:00,2,11
meta\main.js,38,js,71942449,Albab Neawz,2025-11-09,20:35:08,-08:00,2025-11-09T20:35:08-08:00,2,11
meta\main.js,39,js,71942449,Albab Neawz,2025-11-09,20:35:08,-08:00,2025-11-09T20:35:08-08:00,2,15
meta\main.js,40,js,71942449,Albab Neawz,2025-11-09,20:35:08,-08:00,2025-11-09T20:35:08-08:00,2,21
meta\main.js,41,js,71942449,Albab Neawz,2025-11-09,20:35:08,-08:00,2025-11-09T20:35:08-08:00,2,27
meta\main.js,42,js,71942449,Albab Neawz,2025-11-09,20:35:08,-08:00,2025-11-09T20:35:08-08:00,2,14
meta\main.js,43,js,71942449,Albab Neawz,2025-11-09,20:35:08,-08:00,2025-11-09T20:35:08-08:00,1,0
meta\main.js,44,js,71942449,Albab Neawz,2025-11-09,20:35:08,-08:00,2025-11-09T20:35:08-08:00,0,1
meta\main.js,45,js,71942449,Albab Neawz,2025-11-09,20:35:08,-08:00,2025-11-09T20:35:08-08:00,0,0
meta\main.js,46,js,00000000,Not Committed Yet,2025-11-09,20:44:32,-08:00,2025-11-09T20:44:32-08:00,0,31
meta\main.js,47,js,64b87859,Albab Neawz,2025-11-09,20:00:25,-08:00,2025-11-09T20:00:25-08:00,0,64
meta\main.js,48,js,00000000,Not Committed Yet,2025-11-09,20:44:32,-08:00,2025-11-09T20:44:32-08:00,0,64
meta\main.js,49,js,64b87859,Albab Neawz,2025-11-09,20:00:25,-08:00,2025-11-09T20:00:25-08:00,0,0
meta\main.js,50,js,55defe59,Albab Neawz,2025-11-09,20:38:14,-08:00,2025-11-09T20:38:14-08:00,0,7
meta\main.js,51,js,55defe59,Albab Neawz,2025-11-09,20:38:14,-08:00,2025-11-09T20:38:14-08:00,0,22
meta\main.js,52,js,55defe59,Albab Neawz,2025-11-09,20:38:14,-08:00,2025-11-09T20:38:14-08:00,1,35
meta\main.js,53,js,55defe59,Albab Neawz,2025-11-09,20:38:14,-08:00,2025-11-09T20:38:14-08:00,1,17
meta\main.js,54,js,55defe59,Albab Neawz,2025-11-09,20:38:14,-08:00,2025-11-09T20:38:14-08:00,1,6
meta\main.js,55,js,64b87859,Albab Neawz,2025-11-09,20:00:25,-08:00,2025-11-09T20:00:25-08:00,0,0
meta\main.js,56,js,64b87859,Albab Neawz,2025-11-09,20:00:25,-08:00,2025-11-09T20:00:25-08:00,0,24
meta\main.js,57,js,55defe59,Albab Neawz,2025-11-09,20:38:14,-08:00,2025-11-09T20:38:14-08:00,1,38
meta\main.js,58,js,55defe59,Albab Neawz,2025-11-09,20:38:14,-08:00,2025-11-09T20:38:14-08:00,1,17
meta\main.js,59,js,55defe59,Albab Neawz,2025-11-09,20:38:14,-08:00,2025-11-09T20:38:14-08:00,1,6
meta\main.js,60,js,64b87859,Albab Neawz,2025-11-09,20:00:25,-08:00,2025-11-09T20:00:25-08:00,0,0
meta\main.js,61,js,64b87859,Albab Neawz,2025-11-09,20:00:25,-08:00,2025-11-09T20:00:25-08:00,0,48
meta\main.js,62,js,64b87859,Albab Neawz,2025-11-09,20:00:25,-08:00,2025-11-09T20:00:25-08:00,0,0
meta\main.js,63,js,55defe59,Albab Neawz,2025-11-09,20:38:14,-08:00,2025-11-09T20:38:14-08:00,0,5
meta\main.js,64,js,00000000,Not Committed Yet,2025-11-09,20:44:32,-08:00,2025-11-09T20:44:32-08:00,0,64
meta\main.js,65,js,00000000,Not Committed Yet,2025-11-09,20:44:32,-08:00,2025-11-09T20:44:32-08:00,0,44
meta\main.js,66,js,00000000,Not Committed Yet,2025-11-09,20:44:32,-08:00,2025-11-09T20:44:32-08:00,1,28
meta\main.js,67,js,00000000,Not Committed Yet,2025-11-09,20:44:32,-08:00,2025-11-09T20:44:32-08:00,1,28
meta\main.js,68,js,00000000,Not Committed Yet,2025-11-09,20:44:32,-08:00,2025-11-09T20:44:32-08:00,1,69
meta\main.js,69,js,00000000,Not Committed Yet,2025-11-09,20:44:32,-08:00,2025-11-09T20:44:32-08:00,0,1
meta\main.js,70,js,00000000,Not Committed Yet,2025-11-09,20:44:32,-08:00,2025-11-09T20:44:32-08:00,0,0
meta\main.js,71,js,64b87859,Albab Neawz,2025-11-09,20:00:25,-08:00,2025-11-09T20:00:25-08:00,0,11
meta\main.js,72,js,64b87859,Albab Neawz,2025-11-09,20:00:25,-08:00,2025-11-09T20:00:25-08:00,1,42
meta\main.js,73,js,00000000,Not Committed Yet,2025-11-09,20:44:32,-08:00,2025-11-09T20:44:32-08:00,1,10
meta\main.js,74,js,00000000,Not Committed Yet,2025-11-09,20:44:32,-08:00,2025-11-09T20:44:32-08:00,1,13
meta\main.js,75,js,00000000,Not Committed Yet,2025-11-09,20:44:32,-08:00,2025-11-09T20:44:32-08:00,1,20
meta\main.js,76,js,00000000,Not Committed Yet,2025-11-09,20:44:32,-08:00,2025-11-09T20:44:32-08:00,1,12
meta\main.js,77,js,00000000,Not Committed Yet,2025-11-09,20:44:32,-08:00,2025-11-09T20:44:32-08:00,1,20
meta\main.js,78,js,00000000,Not Committed Yet,2025-11-09,20:44:32,-08:00,2025-11-09T20:44:32-08:00,1,28
meta\main.js,79,js,00000000,Not Committed Yet,2025-11-09,20:44:32,-08:00,2025-11-09T20:44:32-08:00,1,24
meta\main.js,80,js,00000000,Not Committed Yet,2025-11-09,20:44:32,-08:00,2025-11-09T20:44:32-08:00,1,12
meta\main.js,81,js,71942449,Albab Neawz,2025-11-09,20:35:08,-08:00,2025-11-09T20:35:08-08:00,0,0
meta\main.js,82,js,71942449,Albab Neawz,2025-11-09,20:35:08,-08:00,2025-11-09T20:35:08-08:00,0,11
meta\main.js,83,js,00000000,Not Committed Yet,2025-11-09,20:44:32,-08:00,2025-11-09T20:44:32-08:00,1,10
meta\main.js,84,js,00000000,Not Committed Yet,2025-11-09,20:44:32,-08:00,2025-11-09T20:44:32-08:00,1,13
meta\main.js,85,js,00000000,Not Committed Yet,2025-11-09,20:44:32,-08:00,2025-11-09T20:44:32-08:00,1,21
meta\main.js,86,js,00000000,Not Committed Yet,2025-11-09,20:44:32,-08:00,2025-11-09T20:44:32-08:00,1,13
meta\main.js,87,js,00000000,Not Committed Yet,2025-11-09,20:44:32,-08:00,2025-11-09T20:44:32-08:00,1,31
meta\main.js,88,js,00000000,Not Committed Yet,2025-11-09,20:44:32,-08:00,2025-11-09T20:44:32-08:00,1,20
meta\main.js,89,js,00000000,Not Committed Yet,2025-11-09,20:44:32,-08:00,2025-11-09T20:44:32-08:00,1,28
meta\main.js,90,js,00000000,Not Committed Yet,2025-11-09,20:44:32,-08:00,2025-11-09T20:44:32-08:00,1,24
meta\main.js,91,js,00000000,Not Committed Yet,2025-11-09,20:44:32,-08:00,2025-11-09T20:44:32-08:00,1,20
meta\main.js,92,js,00000000,Not Committed Yet,2025-11-09,20:44:32,-08:00,2025-11-09T20:44:32-08:00,0,0
meta\main.js,93,js,00000000,Not Committed Yet,2025-11-09,20:44:32,-08:00,2025-11-09T20:44:32-08:00,0,13
meta\main.js,94,js,64b87859,Albab Neawz,2025-11-09,20:00:25,-08:00,2025-11-09T20:00:25-08:00,0,35
meta\main.js,95,js,64b87859,Albab Neawz,2025-11-09,20:00:25,-08:00,2025-11-09T20:00:25-08:00,1,9
meta\main.js,96,js,64b87859,Albab Neawz,2025-11-09,20:00:25,-08:00,2025-11-09T20:00:25-08:00,1,6
meta\main.js,97,js,64b87859,Albab Neawz,2025-11-09,20:00:25,-08:00,2025-11-09T20:00:25-08:00,1,15
meta\main.js,98,js,55defe59,Albab Neawz,2025-11-09,20:38:14,-08:00,2025-11-09T20:38:14-08:00,1,25
meta\main.js,99,js,55defe59,Albab Neawz,2025-11-09,20:38:14,-08:00,2025-11-09T20:38:14-08:00,1,28
meta\main.js,100,js,64b87859,Albab Neawz,2025-11-09,20:00:25,-08:00,2025-11-09T20:00:25-08:00,1,24
meta\main.js,101,js,64b87859,Albab Neawz,2025-11-09,20:00:25,-08:00,2025-11-09T20:00:25-08:00,1,31
meta\main.js,102,js,64b87859,Albab Neawz,2025-11-09,20:00:25,-08:00,2025-11-09T20:00:25-08:00,1,19
meta\main.js,103,js,64b87859,Albab Neawz,2025-11-09,20:00:25,-08:00,2025-11-09T20:00:25-08:00,1,26
meta\main.js,104,js,64b87859,Albab Neawz,2025-11-09,20:00:25,-08:00,2025-11-09T20:00:25-08:00,2,5
meta\main.js,105,js,64b87859,Albab Neawz,2025-11-09,20:00:25,-08:00,2025-11-09T20:00:25-08:00,3,18
meta\main.js,106,js,00000000,Not Committed Yet,2025-11-09,20:44:32,-08:00,2025-11-09T20:44:32-08:00,3,5
meta\main.js,107,js,00000000,Not Committed Yet,2025-11-09,20:44:32,-08:00,2025-11-09T20:44:32-08:00,4,34
meta\main.js,108,js,00000000,Not Committed Yet,2025-11-09,20:44:32,-08:00,2025-11-09T20:44:32-08:00,4,38
meta\main.js,109,js,00000000,Not Committed Yet,2025-11-09,20:44:32,-08:00,2025-11-09T20:44:32-08:00,4,55
meta\main.js,110,js,00000000,Not Committed Yet,2025-11-09,20:44:32,-08:00,2025-11-09T20:44:32-08:00,4,134
meta\main.js,111,js,00000000,Not Committed Yet,2025-11-09,20:44:32,-08:00,2025-11-09T20:44:32-08:00,4,36
meta\main.js,112,js,00000000,Not Committed Yet,2025-11-09,20:44:32,-08:00,2025-11-09T20:44:32-08:00,4,34
meta\main.js,113,js,00000000,Not Committed Yet,2025-11-09,20:44:32,-08:00,2025-11-09T20:44:32-08:00,3,0
meta\main.js,114,js,64b87859,Albab Neawz,2025-11-09,20:00:25,-08:00,2025-11-09T20:00:25-08:00,3,33
meta\main.js,115,js,64b87859,Albab Neawz,2025-11-09,20:00:25,-08:00,2025-11-09T20:00:25-08:00,3,28
meta\main.js,116,js,64b87859,Albab Neawz,2025-11-09,20:00:25,-08:00,2025-11-09T20:00:25-08:00,1,0
meta\main.js,117,js,64b87859,Albab Neawz,2025-11-09,20:00:25,-08:00,2025-11-09T20:00:25-08:00,1,49
meta\main.js,118,js,64b87859,Albab Neawz,2025-11-09,20:00:25,-08:00,2025-11-09T20:00:25-08:00,0,0
meta\main.js,119,js,55defe59,Albab Neawz,2025-11-09,20:38:14,-08:00,2025-11-09T20:38:14-08:00,0,6
meta\main.js,120,js,64b87859,Albab Neawz,2025-11-09,20:00:25,-08:00,2025-11-09T20:00:25-08:00,0,22
meta\main.js,121,js,64b87859,Albab Neawz,2025-11-09,20:00:25,-08:00,2025-11-09T20:00:25-08:00,1,33
meta\main.js,122,js,64b87859,Albab Neawz,2025-11-09,20:00:25,-08:00,2025-11-09T20:00:25-08:00,1,24
meta\main.js,123,js,64b87859,Albab Neawz,2025-11-09,20:00:25,-08:00,2025-11-09T20:00:25-08:00,0,0
meta\main.js,124,js,64b87859,Albab Neawz,2025-11-09,20:00:25,-08:00,2025-11-09T20:00:25-08:00,0,24
meta\main.js,125,js,64b87859,Albab Neawz,2025-11-09,20:00:25,-08:00,2025-11-09T20:00:25-08:00,0,0
meta\main.js,126,js,64b87859,Albab Neawz,2025-11-09,20:00:25,-08:00,2025-11-09T20:00:25-08:00,0,31
meta\main.js,127,js,64b87859,Albab Neawz,2025-11-09,20:00:25,-08:00,2025-11-09T20:00:25-08:00,1,15
meta\main.js,128,js,64b87859,Albab Neawz,2025-11-09,20:00:25,-08:00,2025-11-09T20:00:25-08:00,2,27
meta\main.js,129,js,64b87859,Albab Neawz,2025-11-09,20:00:25,-08:00,2025-11-09T20:00:25-08:00,2,20
meta\main.js,130,js,64b87859,Albab Neawz,2025-11-09,20:00:25,-08:00,2025-11-09T20:00:25-08:00,2,5
meta\main.js,131,js,64b87859,Albab Neawz,2025-11-09,20:00:25,-08:00,2025-11-09T20:00:25-08:00,1,0
meta\main.js,132,js,71942449,Albab Neawz,2025-11-09,20:35:08,-08:00,2025-11-09T20:35:08-08:00,0,0
meta\main.js,133,js,64b87859,Albab Neawz,2025-11-09,20:00:25,-08:00,2025-11-09T20:00:25-08:00,1,37
meta\main.js,134,js,64b87859,Albab Neawz,2025-11-09,20:00:25,-08:00,2025-11-09T20:00:25-08:00,0,0
meta\main.js,135,js,64b87859,Albab Neawz,2025-11-09,20:00:25,-08:00,2025-11-09T20:00:25-08:00,1,33
meta\main.js,136,js,71942449,Albab Neawz,2025-11-09,20:35:08,-08:00,2025-11-09T20:35:08-08:00,2,19
meta\main.js,137,js,71942449,Albab Neawz,2025-11-09,20:35:08,-08:00,2025-11-09T20:35:08-08:00,2,22
meta\main.js,138,js,64b87859,Albab Neawz,2025-11-09,20:00:25,-08:00,2025-11-09T20:00:25-08:00,2,50
meta\main.js,139,js,64b87859,Albab Neawz,2025-11-09,20:00:25,-08:00,2025-11-09T20:00:25-08:00,1,1
meta\main.js,140,js,64b87859,Albab Neawz,2025-11-09,20:00:25,-08:00,2025-11-09T20:00:25-08:00,0,0
meta\main.js,141,js,64b87859,Albab Neawz,2025-11-09,20:00:25,-08:00,2025-11-09T20:00:25-08:00,1,28
meta\main.js,142,js,71942449,Albab Neawz,2025-11-09,20:35:08,-08:00,2025-11-09T20:35:08-08:00,2,19
meta\main.js,143,js,71942449,Albab Neawz,2025-11-09,20:35:08,-08:00,2025-11-09T20:35:08-08:00,2,22
meta\main.js,144,js,64b87859,Albab Neawz,2025-11-09,20:00:25,-08:00,2025-11-09T20:00:25-08:00,2,61
meta\main.js,145,js,64b87859,Albab Neawz,2025-11-09,20:00:25,-08:00,2025-11-09T20:00:25-08:00,1,1
meta\main.js,146,js,64b87859,Albab Neawz,2025-11-09,20:00:25,-08:00,2025-11-09T20:00:25-08:00,0,0
meta\main.js,147,js,71942449,Albab Neawz,2025-11-09,20:35:08,-08:00,2025-11-09T20:35:08-08:00,1,21
meta\main.js,148,js,64b87859,Albab Neawz,2025-11-09,20:00:25,-08:00,2025-11-09T20:00:25-08:00,2,20
meta\main.js,149,js,64b87859,Albab Neawz,2025-11-09,20:00:25,-08:00,2025-11-09T20:00:25-08:00,2,5
meta\main.js,150,js,64b87859,Albab Neawz,2025-11-09,20:00:25,-08:00,2025-11-09T20:00:25-08:00,1,0
meta\main.js,151,js,64b87859,Albab Neawz,2025-11-09,20:00:25,-08:00,2025-11-09T20:00:25-08:00,0,0
meta\main.js,152,js,71942449,Albab Neawz,2025-11-09,20:35:08,-08:00,2025-11-09T20:35:08-08:00,1,27
meta\main.js,153,js,64b87859,Albab Neawz,2025-11-09,20:00:25,-08:00,2025-11-09T20:00:25-08:00,2,7
meta\main.js,154,js,71942449,Albab Neawz,2025-11-09,20:35:08,-08:00,2025-11-09T20:35:08-08:00,2,27
meta\main.js,155,js,64b87859,Albab Neawz,2025-11-09,20:00:25,-08:00,2025-11-09T20:00:25-08:00,2,9
meta\main.js,156,js,64b87859,Albab Neawz,2025-11-09,20:00:25,-08:00,2025-11-09T20:00:25-08:00,1,0
meta\main.js,157,js,64b87859,Albab Neawz,2025-11-09,20:00:25,-08:00,2025-11-09T20:00:25-08:00,0,0
meta\main.js,158,js,71942449,Albab Neawz,2025-11-09,20:35:08,-08:00,2025-11-09T20:35:08-08:00,1,45
meta\main.js,159,js,64b87859,Albab Neawz,2025-11-09,20:00:25,-08:00,2025-11-09T20:00:25-08:00,0,0
meta\main.js,160,js,71942449,Albab Neawz,2025-11-09,20:35:08,-08:00,2025-11-09T20:35:08-08:00,1,115
meta\main.js,161,js,71942449,Albab Neawz,2025-11-09,20:35:08,-08:00,2025-11-09T20:35:08-08:00,0,0
meta\main.js,162,js,71942449,Albab Neawz,2025-11-09,20:35:08,-08:00,2025-11-09T20:35:08-08:00,1,39
meta\main.js,163,js,71942449,Albab Neawz,2025-11-09,20:35:08,-08:00,2025-11-09T20:35:08-08:00,2,47
meta\main.js,164,js,71942449,Albab Neawz,2025-11-09,20:35:08,-08:00,2025-11-09T20:35:08-08:00,2,7
meta\main.js,165,js,71942449,Albab Neawz,2025-11-09,20:35:08,-08:00,2025-11-09T20:35:08-08:00,3,3
meta\main.js,166,js,71942449,Albab Neawz,2025-11-09,20:35:08,-08:00,2025-11-09T20:35:08-08:00,4,56
meta\main.js,167,js,71942449,Albab Neawz,2025-11-09,20:35:08,-08:00,2025-11-09T20:35:08-08:00,4,46
meta\main.js,168,js,71942449,Albab Neawz,2025-11-09,20:35:08,-08:00,2025-11-09T20:35:08-08:00,4,41
meta\main.js,169,js,71942449,Albab Neawz,2025-11-09,20:35:08,-08:00,2025-11-09T20:35:08-08:00,3,4
meta\main.js,170,js,71942449,Albab Neawz,2025-11-09,20:35:08,-08:00,2025-11-09T20:35:08-08:00,2,0
meta\main.js,171,js,71942449,Albab Neawz,2025-11-09,20:35:08,-08:00,2025-11-09T20:35:08-08:00,1,0
meta\main.js,172,js,71942449,Albab Neawz,2025-11-09,20:35:08,-08:00,2025-11-09T20:35:08-08:00,0,0
meta\main.js,173,js,71942449,Albab Neawz,2025-11-09,20:35:08,-08:00,2025-11-09T20:35:08-08:00,1,15
meta\main.js,174,js,71942449,Albab Neawz,2025-11-09,20:35:08,-08:00,2025-11-09T20:35:08-08:00,1,22
meta\main.js,175,js,64b87859,Albab Neawz,2025-11-09,20:00:25,-08:00,2025-11-09T20:00:25-08:00,0,0
meta\main.js,176,js,64b87859,Albab Neawz,2025-11-09,20:00:25,-08:00,2025-11-09T20:00:25-08:00,0,0
meta\main.js,177,js,55defe59,Albab Neawz,2025-11-09,20:38:14,-08:00,2025-11-09T20:38:14-08:00,0,8
meta\main.js,178,js,64b87859,Albab Neawz,2025-11-09,20:00:25,-08:00,2025-11-09T20:00:25-08:00,0,43
meta\main.js,179,js,64b87859,Albab Neawz,2025-11-09,20:00:25,-08:00,2025-11-09T20:00:25-08:00,0,43
meta\main.js,180,js,64b87859,Albab Neawz,2025-11-09,20:00:25,-08:00,2025-11-09T20:00:25-08:00,0,0
meta\main.js,181,js,00000000,Not Committed Yet,2025-11-09,20:44:32,-08:00,2025-11-09T20:44:32-08:00,0,15
meta\main.js,182,js,00000000,Not Committed Yet,2025-11-09,20:44:32,-08:00,2025-11-09T20:44:32-08:00,1,14
meta\main.js,183,js,00000000,Not Committed Yet,2025-11-09,20:44:32,-08:00,2025-11-09T20:44:32-08:00,1,22
meta\main.js,184,js,00000000,Not Committed Yet,2025-11-09,20:44:32,-08:00,2025-11-09T20:44:32-08:00,1,26
meta\main.js,185,js,00000000,Not Committed Yet,2025-11-09,20:44:32,-08:00,2025-11-09T20:44:32-08:00,1,27
meta\main.js,186,js,00000000,Not Committed Yet,2025-11-09,20:44:32,-08:00,2025-11-09T20:44:32-08:00,0,1
meta\index.html,1,html,64b87859,Albab Neawz,2025-11-09,20:00:25,-08:00,2025-11-09T20:00:25-08:00,0,13
meta\index.html,2,html,64b87859,Albab Neawz,2025-11-09,20:00:25,-08:00,2025-11-09T20:00:25-08:00,0,14
meta\index.html,3,html,64b87859,Albab Neawz,2025-11-09,20:00:25,-08:00,2025-11-09T20:00:25-08:00,0,4
meta\index.html,4,html,64b87859,Albab Neawz,2025-11-09,20:00:25,-08:00,2025-11-09T20:00:25-08:00,0,20
meta\index.html,5,html,64b87859,Albab Neawz,2025-11-09,20:00:25,-08:00,2025-11-09T20:00:25-08:00,0,68
meta\index.html,6,html,64b87859,Albab Neawz,2025-11-09,20:00:25,-08:00,2025-11-09T20:00:25-08:00,0,31
meta\index.html,7,html,64b87859,Albab Neawz,2025-11-09,20:00:25,-08:00,2025-11-09T20:00:25-08:00,0,41
meta\index.html,8,html,64b87859,Albab Neawz,2025-11-09,20:00:25,-08:00,2025-11-09T20:00:25-08:00,0,51
meta\index.html,9,html,64b87859,Albab Neawz,2025-11-09,20:00:25,-08:00,2025-11-09T20:00:25-08:00,0,5
meta\index.html,10,html,64b87859,Albab Neawz,2025-11-09,20:00:25,-08:00,2025-11-09T20:00:25-08:00,0,4
meta\index.html,11,html,64b87859,Albab Neawz,2025-11-09,20:00:25,-08:00,2025-11-09T20:00:25-08:00,0,3
meta\index.html,12,html,64b87859,Albab Neawz,2025-11-09,20:00:25,-08:00,2025-11-09T20:00:25-08:00,1,30
meta\index.html,13,html,64b87859,Albab Neawz,2025-11-09,20:00:25,-08:00,2025-11-09T20:00:25-08:00,1,43
meta\index.html,14,html,64b87859,Albab Neawz,2025-11-09,20:00:25,-08:00,2025-11-09T20:00:25-08:00,1,41
meta\index.html,15,html,64b87859,Albab Neawz,2025-11-09,20:00:25,-08:00,2025-11-09T20:00:25-08:00,1,39
meta\index.html,16,html,64b87859,Albab Neawz,2025-11-09,20:00:25,-08:00,2025-11-09T20:00:25-08:00,1,35
meta\index.html,17,html,64b87859,Albab Neawz,2025-11-09,20:00:25,-08:00,2025-11-09T20:00:25-08:00,1,64
meta\index.html,18,html,64b87859,Albab Neawz,2025-11-09,20:00:25,-08:00,2025-11-09T20:00:25-08:00,0,4
meta\index.html,19,html,64b87859,Albab Neawz,2025-11-09,20:00:25,-08:00,2025-11-09T20:00:25-08:00,0,0
meta\index.html,20,html,64b87859,Albab Neawz,2025-11-09,20:00:25,-08:00,2025-11-09T20:00:25-08:00,0,36
meta\index.html,21,html,64b87859,Albab Neawz,2025-11-09,20:00:25,-08:00,2025-11-09T20:00:25-08:00,0,0
meta\index.html,22,html,64b87859,Albab Neawz,2025-11-09,20:00:25,-08:00,2025-11-09T20:00:25-08:00,0,30
meta\index.html,23,html,64b87859,Albab Neawz,2025-11-09,20:00:25,-08:00,2025-11-09T20:00:25-08:00,0,0
meta\index.html,24,html,64b87859,Albab Neawz,2025-11-09,20:00:25,-08:00,2025-11-09T20:00:25-08:00,0,24
meta\index.html,25,html,64b87859,Albab Neawz,2025-11-09,20:00:25,-08:00,2025-11-09T20:00:25-08:00,1,26
meta\index.html,26,html,64b87859,Albab Neawz,2025-11-09,20:00:25,-08:00,2025-11-09T20:00:25-08:00,0,4
meta\index.html,27,html,64b87859,Albab Neawz,2025-11-09,20:00:25,-08:00,2025-11-09T20:00:25-08:00,0,0
meta\index.html,28,html,64b87859,Albab Neawz,2025-11-09,20:00:25,-08:00,2025-11-09T20:00:25-08:00,0,32
meta\index.html,29,html,64b87859,Albab Neawz,2025-11-09,20:00:25,-08:00,2025-11-09T20:00:25-08:00,0,0
meta\index.html,30,html,64b87859,Albab Neawz,2025-11-09,20:00:25,-08:00,2025-11-09T20:00:25-08:00,0,43
meta\index.html,31,html,64b87859,Albab Neawz,2025-11-09,20:00:25,-08:00,2025-11-09T20:00:25-08:00,0,5
meta\index.html,32,html,64b87859,Albab Neawz,2025-11-09,20:00:25,-08:00,2025-11-09T20:00:25-08:00,0,5
Contact\index.html,1,html,7debfe64,Albab Neawz,2025-10-03,22:21:27,-07:00,2025-10-03T22:21:27-07:00,0,13
Contact\index.html,2,html,7debfe64,Albab Neawz,2025-10-03,22:21:27,-07:00,2025-10-03T22:21:27-07:00,0,14
Contact\index.html,3,html,7debfe64,Albab Neawz,2025-10-03,22:21:27,-07:00,2025-10-03T22:21:27-07:00,0,4
Contact\index.html,4,html,7debfe64,Albab Neawz,2025-10-03,22:21:27,-07:00,2025-10-03T22:21:27-07:00,1,22
Contact\index.html,5,html,7debfe64,Albab Neawz,2025-10-03,22:21:27,-07:00,2025-10-03T22:21:27-07:00,1,70
Contact\index.html,6,html,7debfe64,Albab Neawz,2025-10-03,22:21:27,-07:00,2025-10-03T22:21:27-07:00,1,34
Contact\index.html,7,html,7debfe64,Albab Neawz,2025-10-03,22:21:27,-07:00,2025-10-03T22:21:27-07:00,1,43
Contact\index.html,8,html,7debfe64,Albab Neawz,2025-10-03,22:21:27,-07:00,2025-10-03T22:21:27-07:00,0,5
Contact\index.html,9,html,7debfe64,Albab Neawz,2025-10-03,22:21:27,-07:00,2025-10-03T22:21:27-07:00,0,4
Contact\index.html,10,html,7debfe64,Albab Neawz,2025-10-03,22:21:27,-07:00,2025-10-03T22:21:27-07:00,0,0
Contact\index.html,11,html,7debfe64,Albab Neawz,2025-10-03,22:21:27,-07:00,2025-10-03T22:21:27-07:00,1,3
Contact\index.html,12,html,7debfe64,Albab Neawz,2025-10-03,22:21:27,-07:00,2025-10-03T22:21:27-07:00,2,30
Contact\index.html,13,html,7debfe64,Albab Neawz,2025-10-03,22:21:27,-07:00,2025-10-03T22:21:27-07:00,2,43
Contact\index.html,14,html,9d853c99,Albab Neawz,2025-10-03,22:59:58,-07:00,2025-10-03T22:59:58-07:00,2,41
Contact\index.html,15,html,9d853c99,Albab Neawz,2025-10-03,22:59:58,-07:00,2025-10-03T22:59:58-07:00,2,39
Contact\index.html,16,html,64b87859,Albab Neawz,2025-11-09,20:00:25,-08:00,2025-11-09T20:00:25-08:00,2,35
Contact\index.html,17,html,7debfe64,Albab Neawz,2025-10-03,22:21:27,-07:00,2025-10-03T22:21:27-07:00,2,64
Contact\index.html,18,html,7debfe64,Albab Neawz,2025-10-03,22:21:27,-07:00,2025-10-03T22:21:27-07:00,1,4
Contact\index.html,19,html,d5f789f1,Albab Neawz,2025-10-10,21:45:10,-07:00,2025-10-10T21:45:10-07:00,0,0
Contact\index.html,20,html,7debfe64,Albab Neawz,2025-10-03,22:21:27,-07:00,2025-10-03T22:21:27-07:00,1,14
Contact\index.html,21,html,d5f789f1,Albab Neawz,2025-10-10,21:45:10,-07:00,2025-10-10T21:45:10-07:00,0,0
Contact\index.html,22,html,d5f789f1,Albab Neawz,2025-10-10,21:45:10,-07:00,2025-10-10T21:45:10-07:00,1,71
Contact\index.html,23,html,d5f789f1,Albab Neawz,2025-10-10,21:45:10,-07:00,2025-10-10T21:45:10-07:00,2,36
Contact\index.html,24,html,d5f789f1,Albab Neawz,2025-10-10,21:45:10,-07:00,2025-10-10T21:45:10-07:00,2,53
Contact\index.html,25,html,d5f789f1,Albab Neawz,2025-10-10,21:45:10,-07:00,2025-10-10T21:45:10-07:00,0,0
Contact\index.html,26,html,d5f789f1,Albab Neawz,2025-10-10,21:45:10,-07:00,2025-10-10T21:45:10-07:00,2,35
Contact\index.html,27,html,d5f789f1,Albab Neawz,2025-10-10,21:45:10,-07:00,2025-10-10T21:45:10-07:00,2,35
Contact\index.html,28,html,d5f789f1,Albab Neawz,2025-10-10,21:45:10,-07:00,2025-10-10T21:45:10-07:00,0,0
Contact\index.html,29,html,d5f789f1,Albab Neawz,2025-10-10,21:45:10,-07:00,2025-10-10T21:45:10-07:00,2,32
Contact\index.html,30,html,d5f789f1,Albab Neawz,2025-10-10,21:45:10,-07:00,2025-10-10T21:45:10-07:00,2,50
Contact\index.html,31,html,d5f789f1,Albab Neawz,2025-10-10,21:45:10,-07:00,2025-10-10T21:45:10-07:00,0,0
Contact\index.html,32,html,d5f789f1,Albab Neawz,2025-10-10,21:45:10,-07:00,2025-10-10T21:45:10-07:00,2,33
Contact\index.html,33,html,d5f789f1,Albab Neawz,2025-10-10,21:45:10,-07:00,2025-10-10T21:45:10-07:00,1,5
Contact\index.html,34,html,c1f6e706,Albab Neawz,2025-10-17,19:26:44,-07:00,2025-10-17T19:26:44-07:00,0,48
Contact\index.html,35,html,7debfe64,Albab Neawz,2025-10-03,22:21:27,-07:00,2025-10-03T22:21:27-07:00,0,0
Contact\index.html,36,html,7debfe64,Albab Neawz,2025-10-03,22:21:27,-07:00,2025-10-03T22:21:27-07:00,0,5
Contact\index.html,37,html,7debfe64,Albab Neawz,2025-10-03,22:21:27,-07:00,2025-10-03T22:21:27-07:00,0,5
Contact\index.html,38,html,d5f789f1,Albab Neawz,2025-10-10,21:45:10,-07:00,2025-10-10T21:45:10-07:00,0,0
Contact\index.html,39,html,d5f789f1,Albab Neawz,2025-10-10,21:45:10,-07:00,2025-10-10T21:45:10-07:00,0,5
